"Date","Price","Open","High","Low","Vol.","Change %"
"04/05/2023","86.881","86.897","87.483","86.755","27.56K","-0.02%"
"04/04/2023","86.897","85.784","87.360","85.595","83.56K","1.30%"
"04/03/2023","85.784","84.267","85.938","83.533","99.08K","1.45%"
"03/31/2023","84.560","84.268","84.942","83.842","102.68K","0.36%"
"03/30/2023","84.261","83.843","84.362","83.317","111.69K","0.50%"
"03/29/2023","83.843","82.991","84.025","82.968","142.55K","1.04%"
"03/28/2023","82.983","82.711","83.329","82.527","193.09K","0.34%"
"03/27/2023","82.704","83.285","83.288","82.238","137.28K","-0.55%"
"03/24/2023","83.161","82.346","83.237","81.978","101.54K","0.99%"
"03/23/2023","82.346","83.610","84.173","82.278","74.07K","-1.51%"
"03/22/2023","83.610","83.221","83.986","82.776","92.52K","0.47%"
"03/21/2023","83.218","83.068","83.229","82.363","106.21K","0.17%"
"03/20/2023","83.072","82.201","83.119","81.901","106.68K","1.20%"
"03/17/2023","82.086","81.197","82.471","81.166","121.11K","1.09%"
"03/16/2023","81.197","80.529","82.391","80.461","152.16K","0.83%"
"03/15/2023","80.525","81.261","81.575","79.635","142.11K","-0.90%"
"03/14/2023","81.257","80.622","81.431","80.452","135.32K","0.93%"
"03/13/2023","80.509","81.401","81.812","78.783","148.28K","-0.72%"
"03/10/2023","81.092","80.291","81.485","79.957","116.75K","0.99%"
"03/09/2023","80.295","80.225","80.698","79.820","93.73K","0.09%"
"03/08/2023","80.225","79.750","80.734","79.569","68.71K","0.60%"
"03/07/2023","79.750","80.569","81.060","79.489","100.91K","-1.02%"
"03/06/2023","80.569","80.116","80.846","79.968","98.60K","0.47%"
"03/03/2023","80.196","80.049","80.515","79.665","96.93K","0.18%"
"03/02/2023","80.049","80.300","80.512","79.447","116.55K","-0.31%"
"03/01/2023","80.300","79.384","80.473","79.294","154.96K","1.16%"
"02/28/2023","79.380","79.204","80.161","78.322","142.04K","0.22%"
"02/27/2023","79.204","80.226","80.566","78.712","122.28K","-1.19%"
"02/24/2023","80.158","79.909","80.727","79.345","132.43K","0.31%"
"02/23/2023","79.909","79.435","80.429","79.411","96.96K","0.59%"
"02/22/2023","79.439","79.510","80.606","79.184","106.32K","-0.09%"
"02/21/2023","79.510","77.979","80.711","77.833","113.77K","1.96%"
"02/20/2023","77.979","78.317","81.496","77.979","96.97K","-0.98%"
"02/17/2023","78.754","79.672","79.999","78.481","158.77K","-1.18%"
"02/16/2023","79.691","79.121","80.314","79.069","154.56K","0.73%"
"02/15/2023","79.113","79.013","80.810","78.200","121.73K","0.12%"
"02/14/2023","79.017","78.551","79.800","78.457","117.28K","0.58%"
"02/13/2023","78.558","78.067","79.707","77.432","104.71K","-0.31%"
"02/10/2023","78.802","78.268","79.207","77.635","92.40K","0.69%"
"02/09/2023","78.260","77.209","79.122","76.796","100.69K","1.36%"
"02/08/2023","77.209","76.217","79.059","74.049","91.27K","1.30%"
"02/07/2023","76.217","76.716","78.711","74.056","138.64K","-0.65%"
"02/06/2023","76.712","76.244","77.668","74.488","123.78K","0.58%"
"02/03/2023","76.274","76.406","78.158","76.091","154.67K","-0.17%"
"02/02/2023","76.406","77.019","77.309","76.273","152.16K","-0.80%"
"02/01/2023","77.019","76.662","77.159","75.682","127.66K","0.47%"
"01/31/2023","76.662","75.865","77.889","75.759","163.33K","1.06%"
"01/30/2023","75.858","76.899","76.913","75.429","120.98K","0.06%"
"01/27/2023","75.814","75.713","75.887","75.067","121.20K","0.14%"
"01/26/2023","75.706","75.606","76.075","75.009","114.21K","0.13%"
"01/25/2023","75.606","75.631","75.860","74.571","99.25K","-0.03%"
"01/24/2023","75.631","75.968","75.975","74.536","103.71K","-0.44%"
"01/23/2023","75.968","74.157","75.996","74.154","111.98K","2.53%"
"01/20/2023","74.092","75.188","75.257","73.129","103.85K","-1.46%"
"01/19/2023","75.188","74.236","75.653","74.126","131.71K","1.29%"
"01/18/2023","74.233","73.908","75.342","73.744","137.49K","0.43%"
"01/17/2023","73.911","74.456","75.390","73.869","166.51K","-0.73%"
"01/16/2023","74.456","71.425","74.950","71.425","100.39K","-0.39%"
"01/13/2023","74.748","73.608","75.066","72.868","148.45K","1.54%"
"01/12/2023","73.615","75.682","75.748","72.439","159.93K","-2.73%"
"01/11/2023","75.682","74.824","75.699","73.325","117.50K","1.15%"
"01/10/2023","74.824","75.040","75.112","74.250","144.75K","-0.29%"
"01/09/2023","75.040","77.307","77.415","74.152","154.31K","-2.76%"
"01/06/2023","77.169","75.909","77.328","75.069","122.92K","1.66%"
"01/05/2023","75.909","75.833","77.132","75.297","106.54K","0.10%"
"01/04/2023","75.833","77.046","77.928","73.978","122.27K","-1.56%"
"01/03/2023","77.039","75.807","77.620","74.550","94.89K","1.62%"
"01/02/2023","75.807","78.950","83.854","75.619","21.33K","-3.94%"
"12/30/2022","78.913","79.950","82.972","74.842","91.94K","-1.30%"
"12/29/2022","79.950","77.326","79.969","75.804","85.15K","3.38%"
"12/28/2022","77.333","74.459","77.710","74.375","85.62K","3.86%"
"12/27/2022","74.459","72.737","75.605","72.706","115.54K","2.36%"
"12/26/2022","72.744","74.641","74.697","72.269","84.46K","-0.84%"
"12/23/2022","73.363","72.352","74.861","71.617","120.66K","1.39%"
"12/22/2022","72.359","75.715","77.587","72.233","127.39K","-4.43%"
"12/21/2022","75.715","76.242","77.718","73.054","113.73K","-0.68%"
"12/20/2022","76.235","74.026","76.242","71.278","162.14K","2.98%"
"12/19/2022","74.026","68.670","74.026","68.176","118.16K","7.79%"
"12/16/2022","68.677","68.781","69.588","67.035","97.29K","-0.15%"
"12/15/2022","68.781","69.121","69.739","66.938","129.63K","-0.50%"
"12/14/2022","69.130","67.157","69.250","66.953","145.65K","2.93%"
"12/13/2022","67.163","66.053","67.469","66.003","141.00K","1.68%"
"12/12/2022","66.053","65.772","66.904","65.273","103.04K","0.32%"
"12/09/2022","65.841","65.521","66.498","65.493","148.59K","0.49%"
"12/08/2022","65.518","65.175","66.970","65.066","119.55K","0.53%"
"12/07/2022","65.175","63.378","66.859","63.305","133.52K","2.83%"
"12/06/2022","63.378","63.560","66.732","63.357","110.95K","-0.29%"
"12/05/2022","63.560","63.850","66.420","63.547","116.79K","-3.52%"
"12/02/2022","65.875","64.447","65.925","64.303","126.38K","2.22%"
"12/01/2022","64.447","63.607","64.808","63.087","175.79K","1.32%"
"11/30/2022","63.607","62.816","64.022","62.517","142.18K","1.26%"
"11/29/2022","62.816","63.057","63.688","62.786","139.62K","-0.38%"
"11/28/2022","63.054","62.281","64.282","62.119","119.21K","0.19%"
"11/25/2022","62.932","62.825","65.338","62.572","121.71K","0.17%"
"11/24/2022","62.825","63.345","63.468","62.329","132.53K","-0.82%"
"11/23/2022","63.342","62.552","63.351","62.258","122.95K","1.26%"
"11/22/2022","62.552","62.143","62.659","62.128","148.36K","0.65%"
"11/21/2022","62.146","62.058","63.005","61.878","112.19K","-1.08%"
"11/18/2022","62.828","62.635","63.236","62.303","124.36K","0.24%"
"11/17/2022","62.676","63.145","63.145","61.756","125.89K","-0.79%"
"11/16/2022","63.176","62.666","63.993","62.489","131.32K","0.82%"
"11/15/2022","62.660","61.482","63.715","61.471","136.69K","1.93%"
"11/14/2022","61.476","61.524","63.511","61.450","131.48K","-2.30%"
"11/11/2022","62.927","61.917","63.252","61.316","143.51K","1.63%"
"11/10/2022","61.917","61.116","62.268","60.449","156.76K","1.31%"
"11/09/2022","61.116","61.469","62.160","61.049","164.37K","-0.56%"
"11/08/2022","61.463","63.308","63.403","60.170","170.18K","-2.91%"
"11/07/2022","63.308","61.560","64.588","60.051","126.35K","2.54%"
"11/04/2022","61.740","60.788","62.104","60.323","115.29K","1.57%"
"11/03/2022","60.785","59.866","61.251","59.841","107.72K","1.54%"
"11/02/2022","59.866","62.602","62.691","59.841","113.13K","-4.36%"
"11/01/2022","62.596","61.343","62.627","60.619","105.51K","2.04%"
"10/31/2022","61.343","61.248","61.836","60.783","111.29K","0.05%"
"10/28/2022","61.310","61.123","61.782","61.013","154.37K","0.31%"
"10/27/2022","61.123","61.851","62.243","61.064","191.61K","-1.17%"
"10/26/2022","61.845","62.014","62.309","61.127","147.88K","-0.27%"
"10/25/2022","62.014","60.549","62.325","60.442","74.43K","2.43%"
"10/24/2022","60.543","60.793","61.696","60.067","91.61K","-0.40%"
"10/21/2022","60.787","60.282","60.843","59.490","120.63K","0.83%"
"10/20/2022","60.285","59.579","64.944","59.506","120.07K","1.20%"
"10/19/2022","59.570","60.645","63.056","59.567","117.68K","-1.79%"
"10/18/2022","60.658","61.088","61.646","60.421","130.07K","-0.69%"
"10/17/2022","61.082","61.028","61.846","59.815","118.23K","0.30%"
"10/14/2022","60.902","63.196","63.439","60.086","136.65K","-3.63%"
"10/13/2022","63.196","61.852","63.270","61.135","147.26K","2.18%"
"10/12/2022","61.845","63.535","63.617","61.388","155.87K","-2.66%"
"10/11/2022","63.538","61.366","63.653","61.260","152.16K","3.54%"
"10/10/2022","61.366","62.664","62.774","59.587","128.38K","1.08%"
"10/07/2022","60.710","59.260","61.165","59.236","129.59K","2.47%"
"10/06/2022","59.248","60.216","60.989","58.392","149.39K","-1.61%"
"10/05/2022","60.216","58.925","60.660","57.857","140.92K","2.18%"
"10/04/2022","58.931","57.070","59.459","56.899","166.85K","3.27%"
"10/03/2022","57.062","59.009","60.765","56.012","161.81K","-3.29%"
"09/30/2022","59.002","56.511","60.472","55.248","125.64K","4.40%"
"09/29/2022","56.517","56.198","57.574","55.410","117.25K","0.57%"
"09/28/2022","56.198","56.521","56.995","55.500","136.35K","-0.57%"
"09/27/2022","56.521","56.280","57.622","55.709","135.01K","0.42%"
"09/26/2022","56.283","55.464","56.726","54.771","143.07K","0.36%"
"09/23/2022","56.081","60.504","60.590","55.105","121.38K","-7.32%"
"09/22/2022","60.510","60.559","60.587","58.273","133.52K","-0.08%"
"09/21/2022","60.559","61.596","62.037","59.755","118.33K","-1.68%"
"09/20/2022","61.596","60.261","64.210","59.989","122.17K","2.23%"
"09/19/2022","60.255","64.525","64.557","59.881","126.22K","-0.56%"
"09/16/2022","60.597","59.554","61.079","59.545","124.86K","1.75%"
"09/15/2022","59.554","59.618","63.070","59.402","159.92K","-0.11%"
"09/14/2022","59.618","61.799","61.874","59.334","160.45K","-3.53%"
"09/13/2022","61.802","60.839","64.951","59.281","108.27K","1.57%"
"09/12/2022","60.848","62.662","62.814","60.800","93.27K","-1.50%"
"09/09/2022","61.777","61.562","62.017","60.465","101.69K","0.35%"
"09/08/2022","61.562","62.473","62.492","60.425","111.74K","-1.46%"
"09/07/2022","62.473","60.647","64.484","59.882","109.63K","3.02%"
"09/06/2022","60.644","60.711","62.752","60.276","132.80K","-0.10%"
"09/05/2022","60.705","59.656","62.442","59.614","100.87K","1.19%"
"09/02/2022","59.992","59.918","61.234","59.811","133.86K","0.12%"
"09/01/2022","59.921","60.348","61.113","58.737","115.59K","-0.72%"
"08/31/2022","60.354","60.144","61.366","60.031","114.09K","0.35%"
"08/30/2022","60.141","61.821","62.180","60.081","90.55K","-2.71%"
"08/29/2022","61.818","59.914","64.817","59.782","60.14K","2.89%"
"08/26/2022","60.083","60.200","61.021","59.490","92.77K","-0.19%"
"08/25/2022","60.200","59.634","63.922","59.286","130.25K","0.95%"
"08/24/2022","59.634","60.051","60.235","59.287","130.73K","-0.69%"
"08/23/2022","60.045","59.752","63.809","58.874","119.13K","0.49%"
"08/22/2022","59.755","59.717","60.270","59.155","118.21K","0.06%"
"08/19/2022","59.720","60.537","60.552","58.916","103.61K","-1.34%"
"08/18/2022","60.534","61.577","62.076","60.325","106.91K","-1.68%"
"08/17/2022","61.571","62.540","62.607","61.187","121.27K","-1.55%"
"08/16/2022","62.542","62.496","62.803","61.496","94.05K","0.07%"
"08/15/2022","62.496","63.062","63.458","62.038","93.76K","-0.96%"
"08/12/2022","63.105","62.571","64.145","62.079","134.35K","0.86%"
"08/11/2022","62.565","63.336","63.714","62.093","148.05K","-1.22%"
"08/10/2022","63.339","61.733","63.918","61.487","141.74K","2.60%"
"08/09/2022","61.733","63.097","64.422","61.352","145.51K","-2.17%"
"08/08/2022","63.101","61.572","63.315","60.414","98.56K","2.38%"
"08/05/2022","61.633","61.745","62.848","61.384","142.77K","-0.18%"
"08/04/2022","61.745","62.574","63.575","61.153","113.61K","-1.33%"
"08/03/2022","62.574","61.787","63.787","61.022","102.84K","1.28%"
"08/02/2022","61.780","66.332","66.526","60.499","132.31K","-6.85%"
"08/01/2022","66.325","63.561","66.441","62.036","116.36K","4.19%"
"07/29/2022","63.657","63.707","65.469","61.697","109.84K","-0.07%"
"07/28/2022","63.701","60.592","63.786","60.450","158.26K","5.13%"
"07/27/2022","60.592","60.901","62.398","59.951","138.98K","-0.51%"
"07/26/2022","60.901","59.811","61.986","59.042","127.50K","1.83%"
"07/25/2022","59.805","59.282","60.334","58.233","108.21K","0.75%"
"07/22/2022","59.358","59.277","60.430","57.159","99.95K","0.14%"
"07/21/2022","59.277","57.014","60.857","55.954","136.53K","3.97%"
"07/20/2022","57.014","57.808","58.272","55.595","118.95K","-1.36%"
"07/19/2022","57.802","58.599","58.605","56.390","113.83K","-1.36%"
"07/18/2022","58.599","57.553","59.887","57.012","104.74K","1.93%"
"07/15/2022","57.491","58.429","59.882","56.913","130.87K","-1.60%"
"07/14/2022","58.426","58.680","60.740","57.995","173.29K","-0.43%"
"07/13/2022","58.680","58.603","62.261","58.412","168.52K","0.13%"
"07/12/2022","58.606","65.293","65.358","58.446","156.10K","-10.25%"
"07/11/2022","65.300","65.984","67.611","61.616","106.37K","-1.38%"
"07/08/2022","66.216","64.147","67.093","61.550","143.81K","3.25%"
"07/07/2022","64.135","64.720","66.111","63.983","149.28K","-0.90%"
"07/06/2022","64.720","61.539","70.679","61.459","96.40K","5.16%"
"07/05/2022","61.543","59.469","68.858","57.296","116.98K","3.49%"
"07/04/2022","59.469","56.344","62.605","56.301","100.80K","5.60%"
"07/01/2022","56.317","57.499","61.526","53.828","100.32K","-2.05%"
"06/30/2022","57.499","54.320","57.847","54.252","118.09K","5.85%"
"06/29/2022","54.320","57.340","58.117","53.094","124.55K","-5.28%"
"06/28/2022","57.348","56.204","58.941","55.414","143.52K","2.04%"
"06/27/2022","56.204","56.428","58.053","55.973","150.53K","-1.75%"
"06/24/2022","57.203","57.329","59.825","55.924","121.14K","-0.23%"
"06/23/2022","57.334","58.105","58.616","55.771","142.14K","-1.33%"
"06/22/2022","58.108","56.736","58.136","55.437","115.31K","2.42%"
"06/21/2022","56.736","57.581","62.978","54.855","111.57K","-1.48%"
"06/20/2022","57.587","59.539","61.425","57.570","108.43K","-4.62%"
"06/17/2022","60.375","61.700","61.730","58.140","117.34K","-2.15%"
"06/16/2022","61.700","59.878","62.389","58.407","172.97K","3.06%"
"06/15/2022","59.867","60.932","62.285","57.959","132.35K","-1.74%"
"06/14/2022","60.926","60.144","61.551","58.742","121.03K","1.30%"
"06/13/2022","60.147","61.116","61.208","59.015","101.81K","-1.82%"
"06/10/2022","61.262","61.597","63.228","59.801","99.09K","-0.53%"
"06/09/2022","61.591","65.363","65.396","59.756","123.66K","-5.77%"
"06/08/2022","65.363","66.061","67.076","63.955","85.37K","-1.05%"
"06/07/2022","66.054","65.617","66.919","64.800","90.64K","0.68%"
"06/06/2022","65.610","67.830","68.597","63.909","90.49K","-3.39%"
"06/03/2022","67.916","68.263","68.745","65.617","69.84K","-0.52%"
"06/02/2022","68.269","67.628","71.751","65.141","80.52K","0.94%"
"06/01/2022","67.634","67.359","68.776","65.327","81.21K","0.41%"
"05/31/2022","67.356","68.948","69.024","65.093","85.61K","-2.31%"
"05/30/2022","68.948","71.355","73.030","66.336","80.45K","-3.42%"
"05/27/2022","71.388","68.960","73.934","67.970","96.11K","3.53%"
"05/26/2022","68.956","65.138","69.678","62.749","95.88K","5.86%"
"05/25/2022","65.138","62.252","65.193","59.697","100.63K","4.64%"
"05/24/2022","62.252","62.576","63.128","59.563","97.67K","-0.53%"
"05/23/2022","62.582","66.060","66.207","60.988","102.92K","-4.43%"
"05/20/2022","65.485","65.728","67.441","61.256","98.91K","-0.37%"
"05/19/2022","65.728","67.286","68.310","64.907","102.34K","-2.32%"
"05/18/2022","67.289","68.566","69.359","65.413","83.18K","-1.87%"
"05/17/2022","68.569","67.469","69.598","65.985","77.51K","1.64%"
"05/16/2022","67.465","69.157","69.454","65.698","64.51K","-2.56%"
"05/13/2022","69.240","67.587","69.240","65.216","76.29K","2.44%"
"05/12/2022","67.594","70.168","71.218","66.287","104.26K","-3.67%"
"05/11/2022","70.168","73.575","73.733","69.512","108.48K","-4.63%"
"05/10/2022","73.572","73.816","74.632","71.604","71.93K","-0.32%"
"05/09/2022","73.809","73.205","75.509","70.377","67.28K","1.41%"
"05/06/2022","72.782","68.326","73.455","68.177","84.78K","6.52%"
"05/05/2022","68.326","70.232","70.557","67.024","86.70K","-2.71%"
"05/04/2022","70.228","71.840","72.674","67.875","65.60K","-2.23%"
"05/03/2022","71.834","74.197","75.367","69.631","69.00K","-3.19%"
"05/02/2022","74.197","77.282","77.407","73.513","50.08K","-4.06%"
"04/29/2022","77.334","76.417","77.561","73.166","87.81K","1.21%"
"04/28/2022","76.410","77.968","79.072","74.600","89.72K","-2.01%"
"04/27/2022","77.976","80.488","81.462","76.059","90.22K","-3.12%"
"04/26/2022","80.488","81.182","82.104","77.224","92.20K","-0.85%"
"04/25/2022","81.178","83.643","84.685","78.401","99.39K","-2.80%"
"04/22/2022","83.519","87.629","88.032","81.388","75.20K","-4.69%"
"04/21/2022","87.629","89.799","91.447","81.880","86.41K","-2.43%"
"04/20/2022","89.811","87.440","91.802","84.889","84.50K","2.72%"
"04/19/2022","87.432","87.453","88.377","85.337","78.11K","-0.02%"
"04/18/2022","87.453","90.031","91.379","85.646","34.87K","0.19%"
"04/15/2022","87.283","89.417","90.268","86.862","40.13K","-2.39%"
"04/14/2022","89.417","89.811","91.181","88.241","87.31K","-0.43%"
"04/13/2022","89.803","92.427","92.556","86.556","75.28K","-2.84%"
"04/12/2022","92.427","90.823","93.617","86.281","55.79K","1.77%"
"04/11/2022","90.823","92.660","93.033","86.573","61.71K","4.04%"
"04/08/2022","87.296","86.106","88.724","82.674","57.18K","1.38%"
"04/07/2022","86.106","89.500","90.556","84.118","63.99K","-3.79%"
"04/06/2022","89.500","91.611","92.552","88.396","58.37K","-2.30%"
"04/05/2022","91.611","91.916","94.464","90.740","51.04K","-0.34%"
"04/04/2022","91.920","93.063","99.129","91.027","71.17K","-2.91%"
"04/01/2022","94.677","90.530","98.533","89.647","97.45K","4.59%"
"03/31/2022","90.522","93.196","94.150","89.178","77.80K","-2.87%"
"03/30/2022","93.196","98.711","101.103","92.055","82.59K","-5.60%"
"03/29/2022","98.720","106.078","107.733","92.618","85.37K","-6.93%"
"03/28/2022","106.074","110.782","111.722","103.270","58.99K","-5.31%"
"03/25/2022","112.023","112.568","113.219","107.504","55.56K","-0.48%"
"03/24/2022","112.568","106.485","113.872","105.290","54.28K","5.71%"
"03/23/2022","106.485","116.919","118.086","104.559","64.85K","-8.92%"
"03/22/2022","116.920","117.498","120.902","113.537","69.09K","-0.49%"
"03/21/2022","117.498","111.645","127.600","111.565","67.07K","-0.17%"
"03/18/2022","117.695","144.791","144.791","111.747","61.70K","3.28%"
"03/17/2022","113.962","108.154","121.170","104.028","","5.40%"
"03/16/2022","108.124","116.683","128.534","105.568","","-7.31%"
"03/15/2022","116.651","133.469","135.182","110.490","","-2.75%"
"03/14/2022","119.950","121.030","123.500","115.658","","-0.89%"
"03/11/2022","121.030","125.000","127.011","121.030","","-3.18%"
"03/10/2022","125.000","127.000","132.001","121.655","","-1.57%"
"03/09/2022","127.000","120.500","130.300","115.110","","6.73%"
"03/08/2022","118.993","118.993","118.993","118.993","","0.00%"
"03/07/2022","118.993","118.993","118.993","118.993","","0.00%"
"03/04/2022","118.993","117.600","125.967","105.335","","1.18%"
"03/03/2022","117.600","115.400","125.065","109.121","","1.91%"
"03/02/2022","115.400","112.490","121.897","107.549","","2.59%"
"03/01/2022","112.490","106.000","113.010","100.002","","6.12%"
"02/28/2022","106.000","93.260","120.525","93.260","","13.66%"
"02/25/2022","93.260","95.207","96.060","91.900","","-2.05%"
"02/24/2022","95.207","91.849","99.093","91.702","","3.66%"
"02/23/2022","91.849","89.400","91.997","89.021","","2.74%"
"02/22/2022","89.400","90.230","91.403","89.028","","-0.92%"
"02/21/2022","90.230","87.544","90.723","86.607","","3.07%"
"02/18/2022","87.544","86.720","87.715","85.959","","0.95%"
"02/17/2022","86.720","85.674","87.007","85.568","","1.22%"
"02/16/2022","85.674","85.529","85.794","85.145","","0.17%"
"02/15/2022","85.529","86.887","86.887","85.201","","-1.56%"
"02/14/2022","86.887","87.619","88.606","86.105","","-0.84%"
"02/11/2022","87.619","85.800","88.235","85.185","","2.12%"
"02/10/2022","85.800","85.311","85.878","84.807","","0.57%"
"02/09/2022","85.311","85.680","85.810","85.147","","-0.43%"
"02/08/2022","85.680","86.406","86.429","85.615","","-0.84%"
"02/07/2022","86.406","86.863","86.987","86.143","","-0.53%"
"02/04/2022","86.863","87.507","87.650","86.730","","-0.74%"
"02/03/2022","87.507","86.201","87.730","86.018","","1.85%"
"02/02/2022","85.920","86.512","86.558","85.716","","-0.68%"
"02/01/2022","86.512","86.973","87.000","85.977","","-0.53%"
"01/31/2022","86.973","86.795","87.036","86.275","","0.21%"
"01/28/2022","86.795","86.970","87.364","86.165","","-0.20%"
"01/27/2022","86.970","89.408","89.450","86.304","","-2.73%"
"01/26/2022","89.408","88.818","90.625","88.777","","0.66%"
"01/25/2022","88.818","89.234","89.436","88.478","","-0.47%"
"01/24/2022","89.234","87.799","89.928","87.129","","1.63%"
"01/21/2022","87.799","86.704","87.940","86.533","","1.26%"
"01/20/2022","86.704","86.452","87.160","86.246","","0.29%"
"01/19/2022","86.452","87.177","87.387","86.005","","-0.83%"
"01/18/2022","87.177","86.835","87.391","86.550","","0.39%"
"01/17/2022","86.835","87.005","87.758","86.257","","-0.20%"
"01/14/2022","87.005","87.348","88.062","86.701","","-0.39%"
"01/13/2022","87.348","85.511","87.770","85.230","","2.15%"
"01/12/2022","85.511","84.659","85.613","84.522","","1.01%"
"01/11/2022","84.659","84.990","85.074","84.570","","-0.39%"
"01/10/2022","84.990","86.024","86.035","84.770","","-1.20%"
"01/07/2022","86.024","86.100","86.475","85.206","","-0.09%"
"01/06/2022","86.100","86.893","87.465","86.012","","-0.91%"
"01/05/2022","86.893","84.981","86.923","84.981","","2.25%"
"01/04/2022","84.981","84.260","85.301","84.125","","0.86%"
"01/03/2022","84.260","84.520","85.305","84.082","","-0.31%"
"12/30/2021","84.520","83.920","85.145","83.882","","0.71%"
"12/29/2021","83.920","83.353","84.273","83.065","","0.68%"
"12/28/2021","83.353","83.187","83.521","83.068","","0.20%"
"12/27/2021","83.187","83.293","83.431","82.816","","-0.13%"
"12/24/2021","83.293","83.051","83.473","82.875","","0.29%"
"12/23/2021","83.051","83.578","83.578","82.831","","-0.63%"
"12/22/2021","83.578","83.495","83.630","82.960","","0.10%"
"12/21/2021","83.495","83.624","83.666","83.218","","-0.15%"
"12/20/2021","83.624","83.361","83.993","83.330","","0.32%"
"12/17/2021","83.361","83.674","83.883","83.345","","-0.37%"
"12/16/2021","83.674","83.151","83.688","82.926","","0.63%"
"12/15/2021","83.151","83.087","83.727","83.047","","0.08%"
"12/14/2021","83.087","82.987","83.309","82.751","","0.12%"
"12/13/2021","82.987","83.040","83.245","82.653","","-0.06%"
"12/10/2021","83.040","83.256","83.368","82.616","","-0.26%"
"12/09/2021","83.256","83.508","83.508","82.989","","-0.30%"
"12/08/2021","83.508","83.377","83.610","82.965","","0.16%"
"12/07/2021","83.377","83.870","84.065","83.069","","-0.59%"
"12/06/2021","83.870","83.517","83.975","83.012","","0.42%"
"12/03/2021","83.517","83.300","83.725","83.014","","0.26%"
"12/02/2021","83.300","83.960","84.022","83.219","","-0.79%"
"12/01/2021","83.960","83.976","84.204","83.457","","-0.02%"
"11/30/2021","83.976","84.184","85.212","83.598","","-0.25%"
"11/29/2021","84.184","85.614","85.645","83.698","","-1.67%"
"11/26/2021","85.614","83.742","85.684","83.742","","2.24%"
"11/25/2021","83.742","83.984","83.987","83.564","","-0.29%"
"11/24/2021","83.984","83.566","83.990","83.324","","0.50%"
"11/23/2021","83.566","83.978","84.637","83.470","","-0.49%"
"11/22/2021","83.978","82.940","84.490","82.515","","1.25%"
"11/19/2021","82.940","83.105","83.163","82.412","","-0.20%"
"11/18/2021","83.105","82.100","83.198","82.079","","1.22%"
"11/17/2021","82.100","82.748","82.768","81.821","","-0.78%"
"11/16/2021","82.748","82.446","83.412","82.320","","0.37%"
"11/15/2021","82.446","83.392","83.392","82.378","","-1.14%"
"11/12/2021","83.392","81.962","83.774","81.832","","1.75%"
"11/11/2021","81.962","81.850","82.182","81.343","","0.14%"
"11/10/2021","81.850","82.010","82.140","81.573","","-0.20%"
"11/09/2021","82.010","82.521","82.753","81.905","","-0.62%"
"11/08/2021","82.521","82.421","82.714","82.293","","0.12%"
"11/05/2021","82.421","83.294","83.294","81.866","","-1.05%"
"11/03/2021","83.294","82.821","83.685","82.668","","0.57%"
"11/02/2021","82.821","83.092","83.493","82.821","","-0.33%"
"11/01/2021","83.092","81.921","83.095","81.831","","1.43%"
"10/29/2021","81.921","82.050","82.444","81.867","","-0.16%"
"10/28/2021","82.050","81.937","82.168","81.448","","0.14%"
"10/27/2021","81.937","80.662","82.013","80.545","","1.58%"
"10/26/2021","80.662","81.003","81.003","80.445","","-0.42%"
"10/25/2021","81.003","81.867","82.094","80.932","","-1.06%"
"10/22/2021","81.867","82.663","82.742","81.423","","-0.96%"
"10/21/2021","82.663","82.512","82.988","82.512","","0.18%"
"10/20/2021","82.512","82.564","82.753","82.495","","0.10%"
"10/19/2021","82.430","82.780","82.830","82.430","","-0.42%"
"10/18/2021","82.780","82.390","82.835","82.223","","0.47%"
"10/15/2021","82.390","82.752","82.918","82.250","","-0.44%"
"10/14/2021","82.752","83.475","83.500","82.723","","-0.87%"
"10/13/2021","83.475","82.873","83.510","82.825","","0.73%"
"10/12/2021","82.873","83.045","83.168","82.777","","-0.21%"
"10/11/2021","83.045","83.149","83.149","82.755","","-0.12%"
"10/08/2021","83.149","82.820","83.309","82.820","","0.40%"
"10/07/2021","82.820","83.717","83.745","82.820","","-1.07%"
"10/06/2021","83.717","83.911","84.005","83.524","","-0.23%"
"10/05/2021","83.911","84.248","84.300","83.860","","-0.40%"
"10/04/2021","84.248","84.296","84.791","84.153","","-0.06%"
"10/01/2021","84.296","84.228","84.849","84.220","","0.08%"
"09/30/2021","84.228","84.513","84.521","84.103","","-0.34%"
"09/29/2021","84.513","85.028","85.102","84.485","","-0.60%"
"09/28/2021","85.028","84.875","85.295","84.581","","0.18%"
"09/27/2021","84.875","85.246","85.246","84.777","","-0.44%"
"09/24/2021","85.246","85.510","85.738","85.198","","-0.31%"
"09/23/2021","85.510","85.438","85.572","85.101","","0.08%"
"09/22/2021","85.438","85.738","85.738","85.225","","-0.35%"
"09/21/2021","85.738","86.160","86.160","85.540","","-0.49%"
"09/20/2021","86.160","85.468","86.330","85.410","","0.81%"
"09/17/2021","85.468","85.391","85.653","85.302","","0.09%"
"09/16/2021","85.391","85.428","85.530","85.090","","-0.04%"
"09/15/2021","85.428","86.105","86.237","85.353","","-0.79%"
"09/14/2021","86.105","85.802","86.273","85.794","","0.35%"
"09/13/2021","85.802","86.450","86.450","85.800","","-0.75%"
"09/10/2021","86.450","86.303","86.530","86.029","","0.17%"
"09/09/2021","86.303","86.450","86.588","86.098","","-0.17%"
"09/08/2021","86.450","86.760","86.949","86.450","","-0.36%"
"09/07/2021","86.760","86.660","86.997","86.600","","0.12%"
"09/06/2021","86.660","86.396","86.708","86.396","","0.30%"
"09/03/2021","86.396","86.530","86.620","86.323","","-0.15%"
"09/02/2021","86.530","86.408","86.592","86.164","","0.14%"
"09/01/2021","86.408","86.469","86.553","86.302","","-0.07%"
"08/31/2021","86.469","86.699","86.877","86.421","","-0.27%"
"08/30/2021","86.699","86.840","86.909","86.604","","-0.09%"
"08/27/2021","86.777","87.150","87.225","86.720","","-0.54%"
"08/26/2021","87.244","87.143","87.505","86.957","","0.21%"
"08/25/2021","87.061","86.713","87.085","86.518","","0.42%"
"08/24/2021","86.700","86.915","86.961","86.610","","-0.47%"
"08/23/2021","87.107","86.707","87.107","86.694","","0.21%"
"08/20/2021","86.923","86.701","87.062","86.699","","0.36%"
"08/19/2021","86.613","86.424","86.885","86.424","","0.18%"
"08/18/2021","86.461","86.023","86.467","85.970","","0.38%"
"08/17/2021","86.132","86.394","86.602","86.070","","-0.15%"
"08/16/2021","86.260","86.539","86.581","86.250","","-0.14%"
"08/13/2021","86.380","86.404","86.423","86.158","","-0.01%"
"08/12/2021","86.390","86.238","86.450","86.177","","0.26%"
"08/11/2021","86.164","86.593","86.867","86.134","","-0.58%"
"08/10/2021","86.670","86.385","86.757","86.243","","0.23%"
"08/09/2021","86.467","86.490","86.573","86.269","","0.08%"
"08/06/2021","86.398","86.421","86.531","86.307","","-0.12%"
"08/05/2021","86.501","86.594","86.710","86.441","","-0.10%"
"08/04/2021","86.589","86.500","86.766","86.278","","0.05%"
"08/03/2021","86.546","86.575","86.877","86.475","","-0.21%"
"08/02/2021","86.727","86.895","86.960","86.391","","-0.11%"
"07/30/2021","86.824","87.111","87.275","86.534","","-0.17%"
"07/29/2021","86.967","86.860","87.117","86.755","","-0.05%"
"07/28/2021","87.013","87.050","87.125","86.700","","-0.16%"
"07/27/2021","87.155","87.076","87.350","86.875","","0.23%"
"07/26/2021","86.957","87.215","87.446","86.916","","0.17%"
"07/23/2021","86.806","86.773","86.964","86.516","","0.08%"
"07/22/2021","86.733","87.100","87.324","86.710","","-0.65%"
"07/21/2021","87.300","87.590","87.716","87.188","","-0.34%"
"07/20/2021","87.600","87.872","87.932","87.522","","-0.61%"
"07/19/2021","88.135","87.627","88.351","87.542","","0.74%"
"07/16/2021","87.490","87.762","87.762","87.368","","-0.39%"
"07/15/2021","87.832","87.843","87.910","87.494","","0.18%"
"07/14/2021","87.673","87.522","87.832","87.308","","0.16%"
"07/13/2021","87.528","88.171","88.188","87.433","","-0.91%"
"07/12/2021","88.329","88.330","88.793","88.215","","0.01%"
"07/09/2021","88.322","88.148","88.373","87.937","","-0.26%"
"07/08/2021","88.555","88.388","89.035","88.339","","0.48%"
"07/07/2021","88.130","87.783","88.295","87.448","","0.12%"
"07/06/2021","88.021","87.095","88.119","86.775","","0.97%"
"07/05/2021","87.179","86.952","87.289","86.918","","0.27%"
"07/02/2021","86.945","86.948","87.193","86.706","","-0.08%"
"07/01/2021","87.019","86.615","87.137","86.260","","0.30%"
"06/30/2021","86.758","86.625","87.056","86.429","","0.16%"
"06/29/2021","86.618","86.121","86.757","86.113","","0.73%"
"06/28/2021","85.988","86.186","86.220","85.977","","-0.28%"
"06/25/2021","86.230","86.170","86.422","86.076","","-0.11%"
"06/24/2021","86.323","86.504","86.505","86.066","","-0.35%"
"06/23/2021","86.627","86.940","86.954","86.548","","-0.50%"
"06/22/2021","87.062","86.942","87.262","86.937","","-0.17%"
"06/21/2021","87.210","86.680","87.262","86.656","","0.98%"
"06/18/2021","86.360","86.151","86.516","85.764","","0.24%"
"06/17/2021","86.150","87.065","87.065","86.056","","-1.19%"
"06/16/2021","87.185","87.488","87.537","86.851","","-0.42%"
"06/15/2021","87.552","87.238","87.720","87.040","","0.20%"
"06/14/2021","87.380","87.197","87.658","87.197","","0.06%"
"06/11/2021","87.327","87.423","87.448","86.948","","-0.07%"
"06/10/2021","87.393","87.945","87.945","87.332","","-0.74%"
"06/09/2021","88.043","87.979","88.193","87.702","","0.03%"
"06/08/2021","88.020","88.772","88.815","88.000","","-0.85%"
"06/07/2021","88.774","88.645","88.900","88.478","","0.25%"
"06/04/2021","88.554","88.745","88.934","88.540","","-0.33%"
"06/03/2021","88.850","89.258","89.331","88.768","","-0.54%"
"06/02/2021","89.331","89.880","89.997","89.253","","-0.53%"
"06/01/2021","89.805","89.597","90.040","89.436","","0.02%"
"05/31/2021","89.790","89.413","89.805","89.282","","0.64%"
"05/28/2021","89.219","89.610","89.699","89.116","","-0.41%"
"05/27/2021","89.590","89.658","89.745","89.420","","-0.06%"
"05/26/2021","89.640","89.835","90.156","89.592","","-0.44%"
"05/25/2021","90.033","89.753","90.068","89.711","","0.31%"
"05/24/2021","89.755","89.705","90.179","89.525","","0.08%"
"05/21/2021","89.680","89.961","90.081","89.373","","-0.19%"
"05/20/2021","89.850","89.840","89.933","89.700","","0.03%"
"05/19/2021","89.820","90.166","90.228","89.802","","-0.32%"
"05/18/2021","90.111","89.800","90.300","89.727","","0.48%"
"05/17/2021","89.676","89.663","90.133","89.571","","-0.22%"
"05/14/2021","89.876","89.545","89.880","89.401","","0.47%"
"05/13/2021","89.455","89.933","90.010","89.188","","-0.77%"
"05/12/2021","90.147","89.893","90.188","89.761","","0.11%"
"05/11/2021","90.045","90.082","90.326","89.832","","-0.18%"
"05/10/2021","90.210","89.582","90.271","89.298","","0.48%"
"05/07/2021","89.775","89.580","89.800","89.378","","0.23%"
"05/06/2021","89.571","89.800","89.952","89.427","","-0.34%"
"05/05/2021","89.878","89.871","89.942","89.447","","-0.08%"
"05/04/2021","89.946","90.480","90.622","89.839","","-0.49%"
"04/30/2021","90.386","90.298","90.820","90.230","","-0.08%"
"04/29/2021","90.457","90.294","90.543","89.955","","0.30%"
"04/28/2021","90.185","90.460","90.518","90.000","","-0.43%"
"04/27/2021","90.573","90.591","90.705","90.311","","-0.09%"
"04/26/2021","90.655","90.653","90.842","90.294","","-0.03%"
"04/23/2021","90.680","90.332","90.738","90.059","","0.06%"
"04/22/2021","90.630","92.284","92.300","90.401","","-1.68%"
"04/21/2021","92.180","92.268","92.469","91.675","","-0.26%"
"04/20/2021","92.418","91.745","92.724","91.661","","0.54%"
"04/19/2021","91.925","91.100","91.981","91.100","","1.22%"
"04/16/2021","90.817","90.907","91.160","90.170","","-0.54%"
"04/15/2021","91.312","92.335","92.812","91.130","","0.41%"
"04/14/2021","90.940","90.405","90.982","90.332","","0.20%"
"04/13/2021","90.760","92.079","92.171","90.582","","-1.50%"
"04/12/2021","92.146","92.179","92.342","91.719","","0.02%"
"04/09/2021","92.124","91.720","92.198","91.652","","0.60%"
"04/08/2021","91.578","91.262","91.894","91.206","","0.21%"
"04/07/2021","91.383","91.945","92.721","91.356","","-0.38%"
"04/06/2021","91.729","90.055","91.729","89.973","","1.64%"
"04/05/2021","90.245","89.833","90.318","89.527","","0.33%"
"04/02/2021","89.950","89.677","89.974","89.423","","0.13%"
"04/01/2021","89.835","88.712","90.003","88.710","","1.19%"
"03/31/2021","88.780","88.865","88.931","88.226","","-0.14%"
"03/30/2021","88.909","88.709","89.260","88.698","","-0.12%"
"03/29/2021","89.020","89.261","89.598","88.951","","-0.27%"
"03/26/2021","89.258","89.407","89.731","89.090","","-0.45%"
"03/25/2021","89.662","90.150","90.362","89.493","","-0.84%"
"03/24/2021","90.423","90.734","90.736","89.639","","-0.05%"
"03/23/2021","90.470","89.700","90.745","89.603","","1.17%"
"03/22/2021","89.423","88.450","89.593","88.357","","1.36%"
"03/19/2021","88.221","88.691","88.755","87.755","","-0.39%"
"03/18/2021","88.563","88.125","88.630","87.898","","0.37%"
"03/17/2021","88.235","86.987","88.320","86.911","","1.74%"
"03/16/2021","86.726","87.010","87.113","86.521","","-0.17%"
"03/15/2021","86.875","87.628","87.630","86.875","","-0.93%"
"03/12/2021","87.692","87.925","87.993","87.489","","-0.23%"
"03/11/2021","87.894","87.830","88.368","87.644","","0.16%"
"03/10/2021","87.750","87.962","88.120","87.604","","-0.28%"
"03/09/2021","87.996","88.512","88.512","87.845","","-0.58%"
"03/05/2021","88.512","89.401","89.401","88.408","","-0.99%"
"03/04/2021","89.401","89.008","89.695","88.387","","0.15%"
"03/03/2021","89.270","89.300","89.375","88.782","","0.03%"
"03/02/2021","89.245","89.577","89.717","88.581","","-0.10%"
"03/01/2021","89.338","90.097","90.097","89.010","","-0.84%"
"02/26/2021","90.097","90.953","90.955","90.057","","-0.94%"
"02/25/2021","90.953","89.443","91.055","89.330","","1.69%"
"02/24/2021","89.443","90.350","90.356","89.298","","-1.00%"
"02/22/2021","90.350","89.850","90.997","89.830","","0.50%"
"02/20/2021","89.897","89.822","89.900","89.487","","0.08%"
"02/19/2021","89.822","89.380","89.894","89.380","","0.49%"
"02/18/2021","89.380","88.772","89.512","88.700","","0.69%"
"02/17/2021","88.772","89.251","89.341","88.761","","-0.54%"
"02/16/2021","89.251","88.980","89.477","88.805","","0.30%"
"02/15/2021","88.980","89.329","89.329","88.788","","-0.39%"
"02/12/2021","89.329","89.362","90.115","89.173","","-0.04%"
"02/11/2021","89.362","89.607","89.607","89.269","","-0.27%"
"02/10/2021","89.607","89.540","89.738","89.348","","0.07%"
"02/09/2021","89.540","89.574","89.785","89.392","","-0.04%"
"02/08/2021","89.574","89.951","89.952","89.264","","-0.42%"
"02/05/2021","89.951","90.360","90.360","89.483","","-0.45%"
"02/04/2021","90.360","91.348","91.350","90.296","","-1.08%"
"02/03/2021","91.348","91.713","91.806","91.102","","-0.40%"
"02/02/2021","91.713","91.809","91.809","90.741","","-0.10%"
"02/01/2021","91.809","91.853","92.060","91.207","","-0.05%"
"01/29/2021","91.853","92.127","92.425","91.412","","-0.30%"
"01/28/2021","92.127","91.799","92.498","91.776","","0.36%"
"01/27/2021","91.799","91.374","91.884","91.056","","0.46%"
"01/26/2021","91.374","91.482","91.900","91.144","","-0.12%"
"01/25/2021","91.482","91.626","91.962","90.878","","-0.16%"
"01/22/2021","91.626","89.846","91.683","89.843","","1.98%"
"01/21/2021","89.846","88.960","89.913","88.845","","1.00%"
"01/20/2021","88.960","89.335","89.370","88.831","","-0.42%"
"01/19/2021","89.335","89.420","89.737","89.074","","-0.09%"
"01/18/2021","89.420","88.921","89.672","88.920","","0.56%"
"01/15/2021","88.921","89.069","89.405","88.862","","-0.17%"
"01/14/2021","89.069","89.618","89.863","88.817","","-0.61%"
"01/13/2021","89.618","89.773","90.063","89.434","","-0.17%"
"01/12/2021","89.773","90.800","90.800","89.455","","-1.13%"
"01/11/2021","90.800","90.660","91.085","90.513","","0.15%"
"01/08/2021","90.660","91.102","91.467","90.630","","-0.48%"
"01/06/2021","91.102","91.029","91.283","90.609","","0.08%"
"01/05/2021","91.029","90.967","92.284","90.863","","0.07%"
"01/04/2021","90.967","91.536","91.536","89.816","","-0.62%"
"12/30/2020","91.536","90.671","92.089","90.446","","0.95%"
"12/29/2020","90.671","90.050","90.772","89.886","","0.69%"
"12/28/2020","90.050","90.565","90.565","89.853","","-0.57%"
"12/25/2020","90.565","90.094","90.668","89.785","","0.52%"
"12/24/2020","90.094","91.488","91.725","89.960","","-1.52%"
"12/23/2020","91.488","92.230","92.282","91.151","","-0.81%"
"12/22/2020","92.230","91.531","92.374","91.530","","0.76%"
"12/21/2020","91.531","89.844","91.838","89.820","","1.88%"
"12/18/2020","89.844","89.358","90.508","89.357","","0.54%"
"12/17/2020","89.358","89.477","89.536","88.834","","-0.13%"
"12/16/2020","89.477","89.235","89.868","89.178","","0.27%"
"12/15/2020","89.235","89.688","89.690","89.025","","-0.50%"
"12/14/2020","89.688","88.417","89.922","88.409","","1.44%"
"12/11/2020","88.417","88.680","88.953","88.396","","-0.30%"
"12/10/2020","88.680","89.245","89.330","88.457","","-0.63%"
"12/09/2020","89.245","88.984","89.453","88.748","","0.29%"
"12/08/2020","88.984","89.198","89.421","88.581","","-0.24%"
"12/07/2020","89.198","89.794","90.119","88.999","","-0.66%"
"12/04/2020","89.794","90.401","90.484","89.662","","-0.67%"
"12/03/2020","90.401","90.879","91.358","90.215","","-0.53%"
"12/02/2020","90.879","91.491","91.610","90.783","","-0.67%"
"12/01/2020","91.491","91.186","91.505","90.710","","0.33%"
"11/30/2020","91.186","90.733","91.564","90.732","","0.50%"
"11/27/2020","90.733","90.249","90.981","90.175","","0.54%"
"11/26/2020","90.249","90.046","90.249","89.912","","0.23%"
"11/25/2020","90.046","89.680","90.424","89.680","","0.41%"
"11/24/2020","89.680","90.201","90.449","89.542","","-0.58%"
"11/23/2020","90.201","90.365","90.456","89.723","","-0.18%"
"11/20/2020","90.365","90.338","90.464","90.094","","0.03%"
"11/19/2020","90.338","90.182","90.560","90.158","","0.17%"
"11/18/2020","90.182","90.450","90.642","89.765","","-0.30%"
"11/17/2020","90.450","90.249","90.981","90.217","","0.22%"
"11/16/2020","90.249","91.606","91.606","90.222","","-1.48%"
"11/13/2020","91.606","91.297","91.889","91.170","","0.34%"
"11/12/2020","91.297","90.812","91.450","90.575","","0.53%"
"11/11/2020","90.812","90.404","90.842","89.647","","0.45%"
"11/10/2020","90.404","90.247","90.777","89.957","","0.17%"
"11/09/2020","90.247","91.966","92.020","89.805","","-1.87%"
"11/06/2020","91.966","91.048","92.485","91.048","","1.01%"
"11/05/2020","91.048","92.888","92.890","90.752","","-1.98%"
"11/03/2020","92.888","93.720","93.720","92.701","","-0.89%"
"11/02/2020","93.720","92.609","94.108","92.609","","1.20%"
"10/30/2020","92.609","92.078","92.876","91.982","","0.58%"
"10/29/2020","92.078","93.033","93.386","91.887","","-1.03%"
"10/28/2020","93.033","91.245","93.077","91.141","","1.96%"
"10/27/2020","91.245","90.310","91.310","90.192","","1.04%"
"10/26/2020","90.310","90.306","90.514","89.852","","0.00%"
"10/23/2020","90.306","90.522","90.739","90.137","","-0.24%"
"10/22/2020","90.522","90.988","91.448","90.315","","-0.51%"
"10/21/2020","90.988","91.463","91.572","90.976","","-0.52%"
"10/20/2020","91.463","91.395","92.167","91.395","","0.07%"
"10/19/2020","91.395","91.244","91.673","91.066","","0.17%"
"10/16/2020","91.244","91.405","91.787","91.122","","-0.18%"
"10/15/2020","91.405","91.210","91.812","91.200","","0.21%"
"10/14/2020","91.210","90.470","91.319","90.470","","0.82%"
"10/13/2020","90.470","91.114","91.223","90.365","","-0.71%"
"10/12/2020","91.114","90.810","91.157","90.735","","0.33%"
"10/09/2020","90.810","90.993","91.183","90.520","","-0.20%"
"10/08/2020","90.993","91.824","91.855","90.857","","-0.91%"
"10/07/2020","91.824","92.070","92.331","91.671","","-0.27%"
"10/06/2020","92.070","92.038","92.666","91.649","","0.03%"
"10/05/2020","92.038","91.625","92.742","91.300","","0.45%"
"10/02/2020","91.625","90.826","92.224","90.826","","0.88%"
"10/01/2020","90.826","91.032","91.143","90.565","","-0.23%"
"09/30/2020","91.032","92.859","93.111","90.926","","-1.97%"
"09/29/2020","92.859","92.193","93.302","91.998","","0.72%"
"09/28/2020","92.193","90.932","92.408","90.809","","1.39%"
"09/25/2020","90.932","89.965","91.248","89.557","","1.07%"
"09/24/2020","89.965","89.850","90.212","89.604","","0.13%"
"09/23/2020","89.850","89.116","89.982","89.110","","0.82%"
"09/22/2020","89.116","89.620","89.685","89.017","","-0.56%"
"09/21/2020","89.620","89.690","90.381","89.550","","-0.08%"
"09/18/2020","89.690","89.120","89.744","88.845","","0.64%"
"09/17/2020","89.120","88.560","89.155","88.368","","0.63%"
"09/16/2020","88.560","88.843","89.058","88.397","","-0.32%"
"09/15/2020","88.843","89.270","89.543","88.710","","-0.48%"
"09/14/2020","89.270","88.845","89.636","88.421","","0.48%"
"09/11/2020","88.845","88.871","89.000","88.535","","-0.03%"
"09/10/2020","88.871","88.960","89.467","88.782","","-0.10%"
"09/09/2020","88.960","89.879","89.900","88.880","","-1.02%"
"09/08/2020","89.879","89.557","90.255","89.413","","0.36%"
"09/07/2020","89.557","89.250","90.073","89.228","","0.34%"
"09/04/2020","89.250","89.220","89.407","88.766","","0.03%"
"09/03/2020","89.220","89.363","89.575","88.662","","-0.16%"
"09/02/2020","89.363","87.671","89.615","87.628","","1.93%"
"09/01/2020","87.671","88.419","88.419","87.671","","-0.85%"
"08/31/2020","88.419","88.061","89.002","87.628","","0.41%"
"08/28/2020","88.061","88.609","88.900","88.003","","-0.62%"
"08/27/2020","88.609","89.243","89.245","88.405","","-0.71%"
"08/26/2020","89.243","89.187","89.794","89.001","","0.06%"
"08/25/2020","89.187","87.965","89.403","87.820","","1.39%"
"08/24/2020","87.965","88.214","88.214","87.725","","-0.28%"
"08/21/2020","88.214","87.515","88.262","87.500","","0.80%"
"08/20/2020","87.515","86.791","87.848","86.791","","0.83%"
"08/19/2020","86.791","87.292","87.784","86.712","","-0.57%"
"08/18/2020","87.292","87.484","87.601","86.809","","-0.22%"
"08/17/2020","87.484","86.250","87.521","86.248","","1.43%"
"08/14/2020","86.250","86.200","86.795","86.147","","0.06%"
"08/13/2020","86.200","86.859","87.223","86.153","","-0.76%"
"08/12/2020","86.859","85.895","87.050","85.757","","1.12%"
"08/11/2020","85.895","86.257","86.290","85.658","","-0.42%"
"08/10/2020","86.257","86.884","87.099","86.200","","-0.72%"
"08/07/2020","86.884","87.027","87.343","86.675","","-0.16%"
"08/06/2020","87.027","86.454","87.280","86.322","","0.66%"
"08/05/2020","86.454","86.754","86.815","86.300","","-0.35%"
"08/04/2020","86.754","86.018","87.255","85.937","","0.86%"
"08/03/2020","86.018","87.555","87.615","86.000","","-1.76%"
"07/31/2020","87.555","86.671","87.991","86.650","","1.02%"
"07/30/2020","86.671","85.605","86.949","85.605","","1.24%"
"07/29/2020","85.605","85.050","85.855","84.771","","0.65%"
"07/28/2020","85.050","84.075","85.191","84.048","","1.16%"
"07/27/2020","84.075","83.600","84.472","83.589","","0.57%"
"07/24/2020","83.600","82.856","83.637","82.757","","0.90%"
"07/23/2020","82.856","82.192","82.910","82.077","","0.81%"
"07/22/2020","82.192","81.516","82.553","81.413","","0.83%"
"07/21/2020","81.516","81.678","81.678","80.862","","-0.20%"
"07/20/2020","81.678","82.224","82.556","81.520","","-0.66%"
"07/17/2020","82.224","81.489","82.259","81.489","","0.90%"
"07/16/2020","81.489","80.990","81.560","80.990","","0.62%"
"07/15/2020","80.990","80.770","81.293","80.732","","0.27%"
"07/14/2020","80.770","80.534","81.150","80.366","","0.29%"
"07/13/2020","80.534","79.885","80.606","79.880","","0.81%"
"07/10/2020","79.885","80.000","80.472","79.885","","-0.14%"
"07/09/2020","80.000","80.616","80.666","79.957","","-0.76%"
"07/08/2020","80.616","80.575","80.870","80.147","","0.05%"
"07/07/2020","80.575","81.168","81.629","80.365","","-0.73%"
"07/06/2020","81.168","80.292","81.546","79.966","","1.09%"
"07/03/2020","80.292","79.300","80.567","79.108","","1.25%"
"07/02/2020","79.300","79.957","79.957","79.066","","-0.82%"
"06/30/2020","79.957","78.689","80.149","78.685","","1.61%"
"06/29/2020","78.689","78.330","79.196","78.330","","0.46%"
"06/26/2020","78.330","77.439","78.375","77.411","","1.15%"
"06/25/2020","77.439","77.859","78.291","77.427","","-0.54%"
"06/23/2020","77.859","77.850","77.939","77.559","","0.01%"
"06/22/2020","77.850","77.649","78.048","77.641","","0.26%"
"06/19/2020","77.649","78.312","78.312","77.619","","-0.85%"
"06/18/2020","78.312","78.410","78.410","77.873","","-0.12%"
"06/17/2020","78.410","78.425","78.499","78.086","","-0.02%"
"06/16/2020","78.425","78.712","79.211","77.957","","-0.36%"
"06/15/2020","78.712","79.298","79.298","78.711","","-0.74%"
"06/11/2020","79.298","77.898","79.546","77.898","","1.80%"
"06/10/2020","77.898","77.703","78.330","77.690","","0.25%"
"06/09/2020","77.703","77.014","78.021","77.014","","0.90%"
"06/08/2020","77.014","77.551","77.560","76.906","","-0.69%"
"06/05/2020","77.551","78.365","78.382","77.180","","-1.04%"
"06/04/2020","78.365","77.150","78.580","77.150","","1.57%"
"06/03/2020","77.150","76.702","77.269","76.513","","0.58%"
"06/02/2020","76.702","76.953","77.144","76.602","","-0.33%"
"06/01/2020","76.953","77.932","77.932","76.953","","-1.26%"
"05/29/2020","77.932","78.092","78.735","77.928","","-0.21%"
"05/28/2020","78.092","78.100","78.369","77.753","","-0.01%"
"05/27/2020","78.100","77.750","78.509","77.595","","0.45%"
"05/26/2020","77.750","78.150","78.150","77.513","","-0.51%"
"05/25/2020","78.150","78.076","78.354","77.780","","0.09%"
"05/22/2020","78.076","77.700","78.607","77.700","","0.48%"
"05/21/2020","77.700","78.035","78.090","77.536","","-0.43%"
"05/20/2020","78.035","79.185","79.337","78.031","","-1.45%"
"05/19/2020","79.185","79.318","79.545","79.031","","-0.17%"
"05/18/2020","79.318","79.621","79.622","78.748","","-0.38%"
"05/15/2020","79.621","79.317","79.887","78.983","","0.38%"
"05/14/2020","79.317","79.950","80.348","79.317","","-0.79%"
"05/13/2020","79.950","79.988","80.385","79.472","","-0.05%"
"05/12/2020","79.988","79.585","80.050","79.206","","0.51%"
"05/08/2020","79.585","80.253","80.260","79.257","","-0.83%"
"05/07/2020","80.253","80.480","80.480","79.361","","-0.28%"
"05/06/2020","80.480","79.941","81.110","79.530","","0.67%"
"05/05/2020","79.941","81.556","81.556","79.789","","-1.98%"
"05/04/2020","81.556","81.457","83.023","81.450","","0.12%"
"04/30/2020","81.457","79.391","81.610","79.022","","2.60%"
"04/29/2020","79.391","80.200","80.214","79.360","","-1.01%"
"04/28/2020","80.200","80.688","80.921","80.200","","-0.60%"
"04/27/2020","80.688","80.673","81.040","80.332","","0.02%"
"04/24/2020","80.673","80.644","80.725","79.817","","0.04%"
"04/23/2020","80.644","82.158","82.158","80.162","","-1.84%"
"04/22/2020","82.158","83.715","84.219","82.088","","-1.86%"
"04/21/2020","83.715","81.989","84.169","81.989","","2.10%"
"04/20/2020","81.989","80.465","81.989","80.465","","1.89%"
"04/17/2020","80.465","80.326","80.860","79.881","","0.17%"
"04/16/2020","80.326","81.655","81.655","80.262","","-1.63%"
"04/15/2020","81.655","80.151","82.158","80.151","","1.88%"
"04/14/2020","80.151","80.326","80.564","79.800","","-0.22%"
"04/13/2020","80.326","80.730","80.872","80.123","","-0.50%"
"04/10/2020","80.730","81.176","81.190","80.122","","-0.55%"
"04/09/2020","81.176","81.251","81.650","79.768","","-0.09%"
"04/08/2020","81.251","82.337","82.397","81.250","","-1.32%"
"04/07/2020","82.337","82.050","82.701","81.793","","0.35%"
"04/06/2020","82.050","82.690","82.868","81.966","","-0.77%"
"04/03/2020","82.690","83.902","83.930","82.679","","-1.44%"
"04/02/2020","83.902","86.400","86.400","83.893","","-2.89%"
"04/01/2020","86.400","86.451","87.063","85.852","","-0.06%"
"03/31/2020","86.451","87.682","87.695","85.446","","-1.40%"
"03/30/2020","87.682","87.807","89.048","87.610","","-0.14%"
"03/27/2020","87.807","85.431","87.899","85.408","","2.78%"
"03/26/2020","85.431","85.165","86.176","84.713","","0.31%"
"03/25/2020","85.165","84.473","85.736","83.463","","0.82%"
"03/24/2020","84.473","85.450","85.785","84.235","","-1.14%"
"03/23/2020","85.450","85.500","87.382","85.173","","-0.06%"
"03/20/2020","85.500","84.710","85.598","83.335","","0.93%"
"03/19/2020","84.710","88.240","89.508","83.937","","-4.00%"
"03/18/2020","88.240","82.953","88.725","82.902","","6.37%"
"03/17/2020","82.953","83.466","83.470","81.853","","-0.61%"
"03/16/2020","83.466","80.687","84.380","80.655","","3.44%"
"03/13/2020","80.687","83.653","83.655","80.018","","-3.55%"
"03/12/2020","83.653","82.169","84.792","81.390","","1.81%"
"03/11/2020","82.169","80.519","82.480","80.503","","2.05%"
"03/10/2020","80.519","77.549","82.701","77.549","","3.83%"
"03/06/2020","77.549","75.906","77.773","75.607","","2.17%"
"03/05/2020","75.906","73.801","75.961","73.580","","2.85%"
"03/04/2020","73.801","73.711","74.034","72.891","","0.12%"
"03/03/2020","73.711","74.026","74.102","73.097","","-0.43%"
"03/02/2020","74.026","73.816","74.965","73.272","","0.28%"
"02/28/2020","73.816","72.547","74.719","72.540","","1.75%"
"02/27/2020","72.547","71.274","73.054","71.274","","1.79%"
"02/26/2020","71.274","71.105","71.551","70.586","","0.24%"
"02/25/2020","71.105","69.505","71.299","69.505","","2.30%"
"02/21/2020","69.505","69.245","69.966","69.220","","0.37%"
"02/20/2020","69.245","68.700","69.365","68.686","","0.79%"
"02/19/2020","68.700","68.890","68.890","68.529","","-0.28%"
"02/18/2020","68.890","68.740","69.362","68.730","","0.22%"
"02/17/2020","68.740","68.876","68.890","68.521","","-0.20%"
"02/14/2020","68.876","68.984","69.015","68.676","","-0.16%"
"02/13/2020","68.984","68.745","69.397","68.706","","0.35%"
"02/12/2020","68.745","69.215","69.215","68.681","","-0.68%"
"02/11/2020","69.215","69.982","69.982","69.064","","-1.10%"
"02/10/2020","69.982","70.160","70.269","69.708","","-0.25%"
"02/07/2020","70.160","69.553","70.450","69.381","","0.87%"
"02/06/2020","69.553","69.186","69.727","68.983","","0.53%"
"02/05/2020","69.186","69.677","69.861","68.894","","-0.70%"
"02/04/2020","69.677","70.433","70.433","69.388","","-1.07%"
"02/03/2020","70.433","70.865","70.977","70.121","","-0.61%"
"01/31/2020","70.865","69.823","70.865","69.498","","1.49%"
"01/30/2020","69.823","68.870","70.068","68.870","","1.38%"
"01/29/2020","68.870","68.627","69.126","68.612","","0.35%"
"01/28/2020","68.627","69.375","69.538","68.596","","-1.08%"
"01/27/2020","69.375","68.479","69.480","68.479","","1.31%"
"01/24/2020","68.479","68.423","68.662","68.115","","0.08%"
"01/23/2020","68.423","68.598","68.752","68.417","","-0.26%"
"01/22/2020","68.598","68.620","68.815","68.455","","-0.03%"
"01/21/2020","68.620","68.329","68.776","68.329","","0.43%"
"01/20/2020","68.329","68.278","68.330","68.143","","0.07%"
"01/17/2020","68.278","68.671","68.689","68.109","","-0.57%"
"01/16/2020","68.671","68.480","68.896","68.440","","0.28%"
"01/15/2020","68.480","68.370","68.817","68.310","","0.16%"
"01/14/2020","68.370","68.262","68.495","68.075","","0.16%"
"01/13/2020","68.262","67.894","68.369","67.723","","0.54%"
"01/10/2020","67.894","68.038","68.132","67.665","","-0.21%"
"01/09/2020","68.038","68.050","68.223","67.897","","-0.02%"
"01/08/2020","68.050","69.158","69.158","67.914","","-1.60%"
"01/06/2020","69.158","69.306","69.579","69.089","","-0.21%"
"01/03/2020","69.306","69.420","69.420","69.042","","-0.16%"
"12/30/2019","69.420","69.310","69.567","69.020","","0.16%"
"12/27/2019","69.310","69.055","69.423","68.811","","0.37%"
"12/26/2019","69.055","68.682","69.077","68.414","","0.54%"
"12/25/2019","68.682","68.627","68.768","68.285","","0.08%"
"12/24/2019","68.627","69.049","69.052","68.591","","-0.61%"
"12/23/2019","69.049","68.960","69.090","68.912","","0.13%"
"12/20/2019","68.960","69.403","69.432","68.796","","-0.64%"
"12/19/2019","69.403","69.635","69.635","69.281","","-0.33%"
"12/18/2019","69.635","69.582","69.744","69.413","","0.08%"
"12/17/2019","69.582","69.610","69.955","69.550","","-0.04%"
"12/16/2019","69.610","69.920","70.019","69.518","","-0.44%"
"12/13/2019","69.919","69.950","70.246","69.493","","-0.04%"
"12/12/2019","69.950","70.450","70.481","69.729","","-0.71%"
"12/11/2019","70.450","70.460","70.551","70.354","","-0.01%"
"12/10/2019","70.460","70.350","70.524","70.323","","0.16%"
"12/09/2019","70.350","70.500","70.595","70.303","","-0.21%"
"12/06/2019","70.500","70.743","70.838","70.292","","-0.34%"
"12/05/2019","70.743","70.839","70.902","70.654","","-0.14%"
"12/04/2019","70.839","71.105","71.142","70.695","","-0.37%"
"12/03/2019","71.105","71.141","71.241","70.982","","-0.05%"
"12/02/2019","71.141","70.854","71.200","70.783","","0.40%"
"11/29/2019","70.854","70.522","70.900","70.482","","0.47%"
"11/28/2019","70.522","70.342","70.659","70.342","","0.25%"
"11/27/2019","70.342","70.505","70.505","70.323","","-0.23%"
"11/26/2019","70.505","70.430","70.655","70.385","","0.11%"
"11/25/2019","70.430","70.401","70.533","70.249","","0.04%"
"11/22/2019","70.401","70.418","70.558","70.331","","-0.02%"
"11/21/2019","70.418","70.700","70.760","70.403","","-0.40%"
"11/20/2019","70.700","70.685","70.926","70.584","","0.02%"
"11/19/2019","70.685","70.675","70.767","70.439","","0.01%"
"11/18/2019","70.675","70.496","70.754","70.451","","0.25%"
"11/15/2019","70.496","70.490","70.550","70.310","","0.01%"
"11/14/2019","70.490","70.792","70.792","70.350","","-0.43%"
"11/13/2019","70.792","70.680","70.993","70.595","","0.16%"
"11/12/2019","70.680","70.495","70.803","70.384","","0.26%"
"11/11/2019","70.495","70.305","70.590","70.305","","0.27%"
"11/08/2019","70.305","70.159","70.605","70.140","","0.21%"
"11/07/2019","70.159","70.740","70.740","70.013","","-0.82%"
"11/06/2019","70.740","70.320","70.879","70.319","","0.60%"
"11/05/2019","70.320","70.952","70.952","70.217","","-0.89%"
"11/01/2019","70.952","71.505","71.578","70.762","","-0.77%"
"10/31/2019","71.505","71.188","71.522","71.100","","0.45%"
"10/30/2019","71.188","71.035","71.305","70.902","","0.21%"
"10/29/2019","71.035","70.770","71.050","70.724","","0.37%"
"10/28/2019","70.770","70.740","70.887","70.493","","0.04%"
"10/25/2019","70.740","71.102","71.161","70.571","","-0.51%"
"10/24/2019","71.102","71.146","71.368","71.061","","-0.06%"
"10/23/2019","71.146","70.919","71.192","70.846","","0.32%"
"10/22/2019","70.919","71.010","71.058","70.760","","-0.13%"
"10/21/2019","71.010","71.210","71.221","70.982","","-0.28%"
"10/18/2019","71.210","71.355","71.403","71.092","","-0.20%"
"10/17/2019","71.355","70.973","71.443","70.772","","0.54%"
"10/16/2019","70.973","70.910","71.141","70.784","","0.09%"
"10/15/2019","70.910","70.900","71.049","70.724","","0.01%"
"10/14/2019","70.900","70.868","71.039","70.793","","0.05%"
"10/11/2019","70.868","70.942","70.942","70.605","","-0.11%"
"10/10/2019","70.942","71.190","71.461","70.909","","-0.35%"
"10/09/2019","71.190","71.415","71.533","71.135","","-0.32%"
"10/08/2019","71.415","71.255","71.825","71.137","","0.23%"
"10/07/2019","71.255","70.954","71.377","70.950","","0.42%"
"10/04/2019","70.954","71.402","71.438","70.832","","-0.63%"
"10/03/2019","71.402","71.431","71.823","71.198","","-0.04%"
"10/02/2019","71.431","71.337","71.544","71.078","","0.13%"
"10/01/2019","71.337","70.676","71.513","70.673","","0.94%"
"09/30/2019","70.676","70.756","70.888","70.658","","-0.11%"
"09/27/2019","70.756","70.124","70.802","70.124","","0.90%"
"09/26/2019","70.124","70.222","70.509","70.087","","-0.14%"
"09/25/2019","70.222","70.490","70.794","70.182","","-0.38%"
"09/24/2019","70.490","70.174","70.511","69.930","","0.45%"
"09/23/2019","70.174","70.518","70.518","70.119","","-0.49%"
"09/20/2019","70.518","70.640","70.678","70.293","","-0.17%"
"09/19/2019","70.640","70.757","71.029","70.514","","-0.17%"
"09/18/2019","70.757","71.274","71.301","70.738","","-0.73%"
"09/17/2019","71.274","70.451","71.362","70.426","","1.17%"
"09/16/2019","70.451","71.283","71.283","70.223","","-1.17%"
"09/13/2019","71.283","71.593","71.747","71.094","","-0.43%"
"09/12/2019","71.593","72.108","72.108","70.984","","-0.71%"
"09/11/2019","72.108","72.275","72.319","71.825","","-0.23%"
"09/10/2019","72.275","72.390","72.400","72.050","","-0.16%"
"09/09/2019","72.390","72.485","72.548","72.098","","-0.13%"
"09/06/2019","72.485","73.091","73.091","72.420","","-0.83%"
"09/05/2019","73.091","73.050","73.123","72.754","","0.06%"
"09/04/2019","73.050","73.245","73.245","72.852","","-0.27%"
"09/03/2019","73.245","73.257","73.606","73.110","","-0.02%"
"09/02/2019","73.257","73.397","73.397","73.074","","-0.19%"
"08/30/2019","73.397","73.610","73.610","73.202","","-0.29%"
"08/29/2019","73.610","73.988","74.089","73.420","","-0.51%"
"08/28/2019","73.988","73.680","74.253","73.573","","0.42%"
"08/27/2019","73.680","73.295","73.983","73.295","","0.53%"
"08/26/2019","73.295","73.541","73.563","73.198","","-0.33%"
"08/23/2019","73.541","72.725","73.724","72.542","","1.12%"
"08/22/2019","72.725","72.925","73.036","72.627","","-0.27%"
"08/21/2019","72.925","73.850","73.868","72.865","","-1.25%"
"08/20/2019","73.850","74.110","74.257","73.707","","-0.35%"
"08/19/2019","74.110","73.739","74.401","73.524","","0.50%"
"08/16/2019","73.739","73.400","73.832","72.998","","0.46%"
"08/15/2019","73.400","73.560","74.236","73.198","","-0.22%"
"08/14/2019","73.560","72.540","73.665","72.540","","1.41%"
"08/13/2019","72.540","73.350","73.881","72.414","","-1.10%"
"08/12/2019","73.350","73.109","73.666","73.008","","0.33%"
"08/09/2019","73.109","72.715","73.488","72.715","","0.54%"
"08/08/2019","72.715","73.180","73.221","72.700","","-0.64%"
"08/07/2019","73.180","73.117","73.773","72.650","","0.09%"
"08/06/2019","73.117","73.368","73.370","72.620","","-0.34%"
"08/05/2019","73.368","72.455","73.482","72.145","","1.26%"
"08/02/2019","72.455","71.336","72.623","71.335","","1.57%"
"08/01/2019","71.336","70.500","71.396","70.380","","1.19%"
"07/31/2019","70.500","70.836","70.838","70.330","","-0.47%"
"07/30/2019","70.836","70.717","71.018","70.531","","0.17%"
"07/29/2019","70.717","70.500","70.761","70.498","","0.31%"
"07/26/2019","70.500","70.435","70.591","70.239","","0.09%"
"07/25/2019","70.435","70.492","70.605","69.959","","-0.08%"
"07/24/2019","70.492","70.429","70.492","70.184","","0.09%"
"07/23/2019","70.429","70.721","70.755","70.403","","-0.41%"
"07/22/2019","70.721","70.692","70.795","70.573","","0.04%"
"07/19/2019","70.692","70.799","70.897","70.620","","-0.15%"
"07/18/2019","70.799","70.637","70.890","70.504","","0.23%"
"07/17/2019","70.637","70.641","70.665","70.381","","-0.01%"
"07/16/2019","70.641","70.543","70.738","70.378","","0.14%"
"07/15/2019","70.543","70.930","71.011","70.473","","-0.55%"
"07/12/2019","70.930","70.680","71.059","70.680","","0.35%"
"07/11/2019","70.680","71.078","71.086","70.645","","-0.56%"
"07/10/2019","71.078","71.600","71.628","71.033","","-0.73%"
"07/09/2019","71.600","71.370","71.629","71.326","","0.32%"
"07/08/2019","71.370","71.669","71.797","71.172","","-0.42%"
"07/05/2019","71.669","71.622","71.722","71.405","","0.06%"
"07/04/2019","71.622","71.430","71.643","71.430","","0.27%"
"07/03/2019","71.430","71.420","71.866","71.375","","0.01%"
"07/02/2019","71.420","71.062","71.581","71.060","","0.50%"
"07/01/2019","71.062","71.863","71.863","71.062","","-1.11%"
"06/28/2019","71.863","71.669","71.919","71.509","","0.27%"
"06/27/2019","71.669","71.709","71.784","71.518","","-0.06%"
"06/26/2019","71.709","71.447","71.859","71.323","","0.37%"
"06/25/2019","71.447","71.323","71.649","71.164","","0.17%"
"06/24/2019","71.323","71.652","71.756","71.314","","-0.46%"
"06/21/2019","71.652","71.027","71.925","71.027","","0.88%"
"06/20/2019","71.027","71.580","71.654","70.972","","-0.77%"
"06/19/2019","71.580","71.680","71.762","71.530","","-0.14%"
"06/18/2019","71.680","72.154","72.346","71.557","","-0.66%"
"06/17/2019","72.154","72.112","72.230","72.062","","-0.03%"
"06/14/2019","72.175","72.815","72.815","72.120","","-0.88%"
"06/13/2019","72.815","73.137","73.137","72.717","","-0.44%"
"06/11/2019","73.137","73.288","73.288","72.933","","-0.21%"
"06/10/2019","73.288","73.479","73.479","73.065","","-0.26%"
"06/07/2019","73.479","73.335","73.621","73.190","","0.20%"
"06/06/2019","73.335","73.371","73.584","73.160","","-0.05%"
"06/05/2019","73.371","73.320","73.527","73.219","","0.07%"
"06/04/2019","73.320","73.467","73.595","73.175","","-0.20%"
"06/03/2019","73.467","73.066","73.557","72.938","","0.55%"
"05/31/2019","73.066","72.550","73.118","72.550","","0.71%"
"05/30/2019","72.550","72.317","72.582","72.233","","0.32%"
"05/29/2019","72.317","72.242","72.839","72.242","","0.10%"
"05/28/2019","72.242","72.144","72.336","72.064","","0.14%"
"05/27/2019","72.144","72.255","72.255","72.044","","-0.15%"
"05/24/2019","72.255","72.469","72.469","72.090","","-0.30%"
"05/23/2019","72.469","71.823","72.538","71.759","","0.90%"
"05/22/2019","71.823","71.916","71.917","71.660","","-0.13%"
"05/21/2019","71.916","72.053","72.057","71.855","","-0.19%"
"05/20/2019","72.053","72.230","72.230","71.912","","-0.25%"
"05/17/2019","72.230","72.207","72.335","72.116","","0.03%"
"05/16/2019","72.207","72.448","72.448","71.972","","-0.33%"
"05/15/2019","72.448","72.750","72.793","72.234","","-0.42%"
"05/14/2019","72.750","73.450","73.548","72.720","","-0.95%"
"05/13/2019","73.450","73.140","73.663","73.140","","0.42%"
"05/10/2019","73.140","72.855","73.581","72.855","","0.39%"
"05/08/2019","72.855","73.153","73.171","72.744","","-0.41%"
"05/07/2019","73.153","73.063","73.179","72.751","","0.12%"
"05/06/2019","73.063","72.940","73.298","72.821","","0.17%"
"05/03/2019","72.940","73.120","73.203","72.671","","-0.25%"
"05/02/2019","73.120","72.512","73.408","72.512","","0.84%"
"04/30/2019","72.512","72.087","72.621","72.085","","0.59%"
"04/29/2019","72.087","72.169","72.256","71.857","","-0.11%"
"04/26/2019","72.169","71.980","72.403","71.975","","0.26%"
"04/25/2019","71.980","71.758","72.297","71.757","","0.31%"
"04/24/2019","71.758","71.497","72.010","71.497","","0.36%"
"04/23/2019","71.497","71.827","71.827","71.400","","-0.46%"
"04/22/2019","71.827","72.047","72.050","71.668","","-0.30%"
"04/19/2019","72.047","71.829","72.076","71.815","","0.30%"
"04/18/2019","71.829","72.128","72.432","71.810","","-0.41%"
"04/17/2019","72.128","72.329","72.391","72.075","","-0.28%"
"04/16/2019","72.329","72.630","72.787","72.327","","-0.41%"
"04/15/2019","72.630","72.698","72.795","72.615","","-0.09%"
"04/12/2019","72.698","72.727","72.929","72.588","","-0.04%"
"04/11/2019","72.727","72.486","72.838","72.480","","0.33%"
"04/10/2019","72.486","73.132","73.132","72.390","","-0.88%"
"04/09/2019","73.132","73.070","73.193","72.884","","0.09%"
"04/08/2019","73.070","73.285","73.512","73.005","","-0.29%"
"04/05/2019","73.285","73.480","73.494","73.157","","-0.26%"
"04/04/2019","73.480","73.282","73.547","73.233","","0.27%"
"04/03/2019","73.282","73.160","73.475","73.073","","0.17%"
"04/02/2019","73.160","73.073","73.382","73.073","","0.12%"
"04/01/2019","73.073","73.658","73.981","73.022","","-0.79%"
"03/29/2019","73.658","72.860","73.839","72.434","","1.10%"
"03/28/2019","72.860","72.898","73.267","72.785","","-0.05%"
"03/27/2019","72.898","72.588","73.207","72.568","","0.43%"
"03/26/2019","72.588","72.510","72.858","72.434","","0.11%"
"03/25/2019","72.510","73.067","73.067","72.310","","-0.76%"
"03/22/2019","73.067","72.625","73.160","72.265","","0.61%"
"03/21/2019","72.625","72.863","72.871","72.426","","-0.33%"
"03/20/2019","72.863","73.073","73.141","72.740","","-0.29%"
"03/19/2019","73.073","72.983","73.236","72.882","","0.12%"
"03/18/2019","72.983","73.399","73.465","72.843","","-0.57%"
"03/15/2019","73.399","74.015","74.112","73.383","","-0.83%"
"03/14/2019","74.015","74.121","74.121","73.890","","-0.14%"
"03/13/2019","74.121","74.091","74.180","73.824","","0.04%"
"03/12/2019","74.091","74.184","74.210","73.995","","-0.13%"
"03/11/2019","74.184","74.130","74.381","74.083","","0.07%"
"03/07/2019","74.130","74.591","74.729","74.090","","-0.62%"
"03/06/2019","74.591","74.335","74.693","74.335","","0.34%"
"03/05/2019","74.335","74.551","74.590","74.270","","-0.29%"
"03/04/2019","74.551","74.887","74.887","74.326","","-0.45%"
"03/01/2019","74.887","75.000","75.003","74.722","","-0.15%"
"02/28/2019","75.000","74.760","75.071","74.760","","0.32%"
"02/27/2019","74.760","74.832","75.090","74.692","","-0.10%"
"02/26/2019","74.832","74.409","74.948","74.409","","0.57%"
"02/25/2019","74.409","74.091","74.475","73.987","","0.43%"
"02/22/2019","74.091","74.369","74.416","74.076","","-0.37%"
"02/21/2019","74.369","74.465","74.465","74.109","","-0.13%"
"02/20/2019","74.465","74.575","74.732","74.360","","-0.15%"
"02/19/2019","74.575","74.980","74.980","74.555","","-0.54%"
"02/18/2019","74.980","74.941","75.000","74.802","","0.05%"
"02/15/2019","74.941","75.223","75.290","74.815","","-0.37%"
"02/14/2019","75.223","74.930","75.700","74.793","","0.39%"
"02/13/2019","74.930","74.660","74.950","74.180","","0.36%"
"02/12/2019","74.660","74.225","74.871","73.910","","0.59%"
"02/11/2019","74.225","74.479","74.497","74.107","","-0.34%"
"02/08/2019","74.479","74.788","74.948","74.401","","-0.41%"
"02/07/2019","74.788","74.848","75.100","74.700","","-0.08%"
"02/06/2019","74.848","74.885","75.053","74.713","","-0.05%"
"02/05/2019","74.885","75.005","75.005","74.708","","-0.16%"
"02/04/2019","75.005","75.079","75.197","74.948","","-0.10%"
"02/01/2019","75.079","74.890","75.311","74.890","","0.25%"
"01/31/2019","74.890","75.238","75.419","74.816","","-0.46%"
"01/30/2019","75.238","75.495","75.622","75.130","","-0.34%"
"01/29/2019","75.495","75.714","75.987","75.370","","-0.29%"
"01/28/2019","75.714","75.323","75.877","75.073","","0.52%"
"01/25/2019","75.323","74.398","75.345","74.393","","1.24%"
"01/24/2019","74.398","75.220","75.223","74.303","","-1.09%"
"01/23/2019","75.220","75.560","75.560","75.114","","-0.45%"
"01/22/2019","75.560","75.451","75.645","75.381","","0.14%"
"01/21/2019","75.451","75.294","75.626","75.290","","0.21%"
"01/18/2019","75.294","75.588","75.764","75.142","","-0.39%"
"01/17/2019","75.588","75.617","75.931","75.494","","-0.04%"
"01/16/2019","75.617","76.409","76.410","75.555","","-1.04%"
"01/15/2019","76.409","76.908","77.073","76.237","","-0.65%"
"01/14/2019","76.908","76.699","77.190","76.699","","0.27%"
"01/11/2019","76.699","76.940","77.409","76.665","","-0.31%"
"01/10/2019","76.940","77.100","77.602","76.910","","-0.21%"
"01/09/2019","77.100","76.550","77.216","76.550","","0.72%"
"01/08/2019","76.550","77.239","77.298","76.410","","-0.89%"
"01/04/2019","77.239","78.242","78.253","77.030","","-1.28%"
"01/03/2019","78.242","79.995","79.995","78.129","","-2.19%"
"12/29/2018","79.995","79.670","80.198","79.530","","0.41%"
"12/28/2018","79.670","79.540","79.855","79.321","","0.16%"
"12/27/2018","79.540","78.010","79.830","78.003","","1.96%"
"12/26/2018","78.010","78.257","79.061","77.982","","-0.32%"
"12/25/2018","78.257","78.190","78.733","78.110","","0.09%"
"12/24/2018","78.190","78.250","78.475","77.728","","-0.08%"
"12/21/2018","78.250","78.317","78.594","77.822","","-0.09%"
"12/20/2018","78.317","76.765","78.815","76.745","","2.02%"
"12/19/2018","76.765","76.424","77.428","76.328","","0.45%"
"12/18/2018","76.424","75.767","76.500","75.705","","0.87%"
"12/17/2018","75.767","75.470","75.777","75.247","","0.39%"
"12/14/2018","75.470","75.236","75.500","74.904","","0.31%"
"12/13/2018","75.236","75.527","75.614","75.126","","-0.39%"
"12/12/2018","75.527","75.140","75.527","75.104","","0.52%"
"12/11/2018","75.140","75.679","75.731","75.090","","-0.71%"
"12/10/2018","75.679","75.743","75.984","75.538","","-0.08%"
"12/07/2018","75.743","76.100","76.288","75.236","","-0.47%"
"12/06/2018","76.100","75.519","76.411","75.504","","0.77%"
"12/05/2018","75.519","75.790","75.888","75.425","","-0.36%"
"12/04/2018","75.790","75.469","75.893","75.469","","0.42%"
"12/03/2018","75.469","75.745","75.816","75.132","","-0.36%"
"11/30/2018","75.745","75.421","76.137","75.400","","0.43%"
"11/29/2018","75.421","76.158","76.158","75.100","","-0.97%"
"11/28/2018","76.158","75.769","76.250","75.405","","0.51%"
"11/27/2018","75.769","75.990","76.022","75.253","","-0.29%"
"11/26/2018","75.990","75.034","76.566","75.034","","1.27%"
"11/23/2018","75.034","74.850","75.315","74.612","","0.25%"
"11/22/2018","74.850","74.760","74.988","74.625","","0.12%"
"11/21/2018","74.760","75.242","75.300","74.696","","-0.64%"
"11/20/2018","75.242","75.092","75.355","74.935","","0.20%"
"11/19/2018","75.092","75.350","75.595","75.015","","-0.34%"
"11/16/2018","75.350","74.683","75.505","74.650","","0.89%"
"11/15/2018","74.683","75.948","75.960","74.671","","-1.67%"
"11/14/2018","75.948","76.858","77.021","75.807","","-1.19%"
"11/13/2018","76.858","76.225","76.871","75.965","","0.83%"
"11/12/2018","76.225","77.170","77.170","75.904","","-1.22%"
"11/09/2018","77.170","75.975","77.239","75.731","","1.57%"
"11/08/2018","75.975","75.878","76.174","75.481","","0.13%"
"11/07/2018","75.878","75.500","75.954","75.500","","0.50%"
"11/06/2018","75.500","75.441","75.535","75.128","","0.08%"
"11/02/2018","75.441","74.963","75.492","74.944","","0.64%"
"11/01/2018","74.963","74.585","75.110","74.520","","0.51%"
"10/31/2018","74.585","74.387","74.671","74.321","","0.27%"
"10/30/2018","74.387","74.947","74.947","74.350","","-0.75%"
"10/29/2018","74.947","74.919","75.170","74.523","","0.04%"
"10/26/2018","74.919","74.545","75.085","74.545","","0.50%"
"10/25/2018","74.545","74.823","75.149","74.393","","-0.37%"
"10/24/2018","74.823","75.150","75.184","74.084","","-0.44%"
"10/23/2018","75.150","74.787","75.442","74.787","","0.48%"
"10/22/2018","74.787","75.444","75.585","74.571","","-0.87%"
"10/19/2018","75.444","75.372","75.475","75.087","","0.10%"
"10/18/2018","75.372","75.285","75.759","75.285","","0.12%"
"10/17/2018","75.285","75.615","75.874","75.285","","-0.44%"
"10/16/2018","75.615","76.029","76.029","75.588","","-0.54%"
"10/15/2018","76.029","76.426","76.426","75.788","","-0.52%"
"10/12/2018","76.426","76.810","76.810","76.238","","-0.50%"
"10/11/2018","76.810","77.057","77.236","76.410","","-0.32%"
"10/10/2018","77.057","76.154","77.080","75.904","","1.18%"
"10/09/2018","76.154","76.503","76.609","76.024","","-0.46%"
"10/08/2018","76.503","76.722","77.145","76.408","","-0.29%"
"10/05/2018","76.722","77.154","77.154","76.470","","-0.56%"
"10/04/2018","77.154","75.671","77.162","75.630","","1.96%"
"10/03/2018","75.671","75.620","75.893","75.593","","0.07%"
"10/02/2018","75.620","75.202","75.750","75.098","","0.56%"
"10/01/2018","75.202","76.087","76.231","75.079","","-1.16%"
"09/28/2018","76.087","76.376","76.405","75.950","","-0.38%"
"09/27/2018","76.376","77.260","77.260","76.090","","-1.14%"
"09/26/2018","77.260","77.555","77.688","77.250","","-0.38%"
"09/25/2018","77.555","77.368","77.569","77.186","","0.24%"
"09/24/2018","77.368","78.065","78.065","77.325","","-0.89%"
"09/21/2018","78.065","78.044","78.550","77.944","","0.03%"
"09/20/2018","78.044","77.995","78.252","77.525","","0.06%"
"09/19/2018","77.995","78.600","78.600","77.778","","-0.77%"
"09/18/2018","78.600","79.497","79.497","78.582","","-1.13%"
"09/17/2018","79.497","79.141","79.620","79.100","","0.45%"
"09/14/2018","79.141","79.775","80.184","78.969","","-0.79%"
"09/13/2018","79.775","80.262","80.371","79.141","","-0.61%"
"09/12/2018","80.262","80.584","80.802","79.910","","-0.40%"
"09/11/2018","80.584","81.830","81.830","80.574","","-1.52%"
"09/10/2018","81.830","80.800","81.890","80.557","","1.27%"
"09/07/2018","80.800","80.501","80.854","80.131","","0.37%"
"09/06/2018","80.501","79.388","80.801","79.299","","1.40%"
"09/05/2018","79.388","78.881","79.514","78.881","","0.64%"
"09/04/2018","78.881","79.144","79.150","78.628","","-0.33%"
"09/03/2018","79.144","78.390","79.210","78.372","","0.96%"
"08/31/2018","78.390","79.628","79.628","78.170","","-1.55%"
"08/30/2018","79.628","79.577","79.751","79.238","","0.06%"
"08/29/2018","79.577","79.346","79.933","79.031","","0.29%"
"08/28/2018","79.346","78.847","79.582","78.606","","0.63%"
"08/27/2018","78.847","78.015","79.004","78.015","","1.07%"
"08/24/2018","78.015","78.675","78.675","77.963","","-0.84%"
"08/23/2018","78.675","78.900","79.740","78.085","","-0.29%"
"08/22/2018","78.900","77.850","79.345","77.850","","1.35%"
"08/21/2018","77.850","77.062","77.921","77.018","","1.02%"
"08/20/2018","77.062","76.658","77.085","76.438","","0.53%"
"08/17/2018","76.658","75.975","77.103","75.975","","0.90%"
"08/16/2018","75.975","76.350","76.350","75.844","","-0.49%"
"08/15/2018","76.350","75.274","76.730","75.140","","1.43%"
"08/14/2018","75.274","77.375","77.375","75.250","","-2.72%"
"08/13/2018","77.375","77.228","78.103","77.010","","0.19%"
"08/10/2018","77.228","76.813","77.405","76.343","","0.54%"
"08/09/2018","76.813","76.125","77.274","76.125","","0.90%"
"08/08/2018","76.125","73.650","76.175","73.650","","3.36%"
"08/07/2018","73.650","73.629","73.677","73.490","","0.03%"
"08/06/2018","73.629","73.284","73.711","73.268","","0.47%"
"08/03/2018","73.284","73.413","73.525","73.152","","-0.18%"
"08/02/2018","73.413","73.495","73.814","73.306","","-0.11%"
"08/01/2018","73.495","73.145","73.582","73.059","","0.48%"
"07/31/2018","73.145","72.854","73.280","72.832","","0.40%"
"07/30/2018","72.854","73.172","73.276","72.768","","-0.43%"
"07/27/2018","73.172","73.290","73.391","73.036","","-0.16%"
"07/26/2018","73.290","73.691","73.899","73.200","","-0.54%"
"07/25/2018","73.691","73.975","74.000","73.521","","-0.38%"
"07/24/2018","73.975","73.720","74.167","73.277","","0.35%"
"07/23/2018","73.720","74.400","74.400","73.670","","-0.91%"
"07/20/2018","74.400","74.142","74.536","73.814","","0.35%"
"07/19/2018","74.142","73.330","74.200","73.330","","1.11%"
"07/18/2018","73.330","72.969","73.624","72.957","","0.49%"
"07/17/2018","72.969","72.981","73.372","72.805","","-0.02%"
"07/16/2018","72.981","73.074","73.125","72.638","","-0.13%"
"07/13/2018","73.074","72.650","73.230","72.312","","0.58%"
"07/12/2018","72.650","72.780","72.780","72.264","","-0.18%"
"07/11/2018","72.780","72.568","72.958","72.366","","0.29%"
"07/10/2018","72.568","73.451","73.451","72.420","","-1.20%"
"07/09/2018","73.451","73.961","74.005","73.305","","-0.69%"
"07/06/2018","73.961","73.787","74.200","73.787","","0.24%"
"07/05/2018","73.787","73.662","74.051","73.662","","0.17%"
"07/04/2018","73.662","73.608","73.857","73.540","","0.07%"
"07/03/2018","73.608","73.830","73.830","73.517","","-0.30%"
"07/02/2018","73.830","73.342","73.925","73.327","","0.67%"
"06/29/2018","73.342","72.607","73.390","72.607","","1.01%"
"06/28/2018","72.607","73.107","73.173","72.607","","-0.68%"
"06/27/2018","73.107","73.423","73.682","72.919","","-0.43%"
"06/26/2018","73.423","73.448","73.828","73.260","","-0.03%"
"06/25/2018","73.448","73.322","73.639","73.180","","0.17%"
"06/22/2018","73.322","73.927","73.927","73.204","","-0.82%"
"06/21/2018","73.927","73.713","74.040","73.496","","0.29%"
"06/20/2018","73.713","74.015","74.027","73.411","","-0.41%"
"06/19/2018","74.015","73.777","74.281","73.715","","0.32%"
"06/18/2018","73.777","73.326","73.987","73.202","","0.62%"
"06/15/2018","73.326","72.500","73.537","72.274","","1.14%"
"06/14/2018","72.500","73.679","73.723","72.183","","-1.60%"
"06/13/2018","73.679","74.041","74.286","73.350","","-0.49%"
"06/11/2018","74.041","73.662","74.120","73.330","","0.51%"
"06/09/2018","73.662","73.333","73.740","73.327","","0.45%"
"06/08/2018","73.333","73.636","73.932","73.253","","-0.41%"
"06/07/2018","73.636","72.736","73.935","72.732","","1.24%"
"06/06/2018","72.736","72.800","73.132","72.720","","-0.09%"
"06/05/2018","72.800","72.610","72.872","72.440","","0.26%"
"06/04/2018","72.610","72.573","72.724","72.310","","0.05%"
"06/01/2018","72.573","72.978","72.978","72.345","","-0.55%"
"05/31/2018","72.978","72.439","73.020","72.370","","0.74%"
"05/30/2018","72.439","72.419","72.649","72.251","","0.03%"
"05/29/2018","72.419","72.455","72.603","72.122","","-0.05%"
"05/28/2018","72.455","72.586","72.974","72.308","","-0.18%"
"05/25/2018","72.586","72.230","72.741","72.007","","0.49%"
"05/24/2018","72.230","71.745","72.360","71.745","","0.68%"
"05/23/2018","71.745","72.068","72.338","71.675","","-0.45%"
"05/22/2018","72.068","72.655","72.655","71.834","","-0.81%"
"05/21/2018","72.655","73.379","73.475","72.391","","-1.00%"
"05/18/2018","73.392","73.344","73.668","73.068","","0.07%"
"05/17/2018","73.344","72.885","73.375","72.813","","0.63%"
"05/16/2018","72.885","73.810","73.955","72.653","","-1.25%"
"05/15/2018","73.810","73.780","74.281","73.651","","0.04%"
"05/14/2018","73.780","73.908","74.111","73.777","","-0.17%"
"05/11/2018","73.908","73.530","74.061","73.397","","0.51%"
"05/10/2018","73.530","75.021","75.021","73.371","","-1.99%"
"05/08/2018","75.021","75.030","75.503","74.896","","-0.01%"
"05/07/2018","75.030","74.837","75.095","74.647","","0.26%"
"05/04/2018","74.837","75.580","75.923","74.537","","-0.98%"
"05/03/2018","75.580","76.472","76.480","75.324","","-1.17%"
"05/02/2018","76.472","76.070","76.854","75.907","","0.53%"
"04/30/2018","76.070","75.692","76.380","75.500","","0.50%"
"04/28/2018","75.692","75.882","75.893","74.900","","0.37%"
"04/27/2018","75.410","75.882","75.893","74.900","","-0.62%"
"04/26/2018","75.882","75.978","76.739","75.787","","-0.13%"
"04/25/2018","75.978","75.380","76.120","75.175","","0.79%"
"04/24/2018","75.380","75.430","75.430","74.991","","-0.07%"
"04/23/2018","75.430","75.465","76.053","75.321","","-0.05%"
"04/20/2018","75.465","75.124","75.788","75.124","","0.45%"
"04/19/2018","75.124","75.331","75.655","75.015","","-0.27%"
"04/18/2018","75.331","76.131","76.425","75.188","","-1.05%"
"04/17/2018","76.131","75.720","76.615","75.454","","0.54%"
"04/16/2018","75.720","76.500","77.270","75.510","","-1.02%"
"04/13/2018","76.500","76.408","76.752","75.400","","0.12%"
"04/12/2018","76.408","77.433","77.828","75.636","","-1.32%"
"04/11/2018","77.433","77.890","80.492","76.904","","-0.59%"
"04/10/2018","77.890","74.708","78.657","74.292","","4.26%"
"04/09/2018","74.708","71.445","74.709","71.445","","4.57%"
"04/06/2018","71.445","70.619","71.450","70.616","","1.17%"
"04/05/2018","70.619","70.547","70.798","70.490","","0.10%"
"04/04/2018","70.547","70.655","71.205","70.510","","-0.15%"
"04/03/2018","70.655","70.730","70.987","70.595","","-0.11%"
"04/02/2018","70.730","70.440","70.991","70.433","","0.41%"
"03/30/2018","70.440","70.495","70.859","70.270","","-0.08%"
"03/29/2018","70.495","71.025","71.198","70.434","","-0.75%"
"03/28/2018","71.025","71.324","71.434","71.010","","-0.42%"
"03/27/2018","71.324","71.151","71.346","70.726","","0.24%"
"03/26/2018","71.151","70.735","71.559","70.463","","0.59%"
"03/23/2018","70.735","70.448","70.866","70.325","","0.41%"
"03/22/2018","70.448","70.190","70.500","70.067","","0.37%"
"03/21/2018","70.190","70.408","70.729","70.162","","-0.31%"
"03/20/2018","70.408","71.327","71.362","70.405","","-1.29%"
"03/19/2018","71.327","70.628","71.550","70.521","","0.99%"
"03/16/2018","70.628","70.676","71.009","70.628","","-0.07%"
"03/15/2018","70.676","70.690","70.904","70.367","","-0.02%"
"03/14/2018","70.690","70.660","70.830","70.292","","0.04%"
"03/13/2018","70.660","70.180","70.772","70.073","","0.68%"
"03/12/2018","70.180","69.743","70.221","69.702","","0.63%"
"03/09/2018","69.743","70.494","70.503","69.720","","-1.07%"
"03/07/2018","70.494","70.305","70.897","70.300","","0.27%"
"03/06/2018","70.305","69.603","70.426","69.603","","1.01%"
"03/05/2018","69.603","70.042","70.406","69.570","","-0.63%"
"03/02/2018","70.042","69.674","70.591","69.387","","0.53%"
"03/01/2018","69.674","68.760","69.775","68.760","","1.33%"
"02/28/2018","68.760","68.856","68.977","68.516","","-0.14%"
"02/27/2018","68.856","68.573","68.933","68.506","","0.41%"
"02/26/2018","68.573","69.635","69.635","68.573","","-1.53%"
"02/22/2018","69.635","69.690","69.912","69.560","","-0.08%"
"02/21/2018","69.690","69.785","69.886","69.638","","-0.14%"
"02/20/2018","69.785","70.063","70.063","69.591","","-0.40%"
"02/19/2018","70.063","70.000","70.114","69.809","","0.09%"
"02/16/2018","70.000","70.522","70.724","69.910","","-0.74%"
"02/15/2018","70.522","70.637","70.950","70.492","","-0.16%"
"02/14/2018","70.637","71.225","71.334","70.520","","-0.82%"
"02/13/2018","71.225","71.090","71.567","71.073","","0.19%"
"02/12/2018","71.090","71.453","71.457","70.838","","-0.51%"
"02/09/2018","71.453","71.559","71.837","71.024","","-0.15%"
"02/08/2018","71.559","70.669","71.570","70.609","","1.26%"
"02/07/2018","70.669","70.368","70.723","70.216","","0.43%"
"02/06/2018","70.368","70.971","71.032","70.337","","-0.85%"
"02/05/2018","70.971","70.444","71.043","70.341","","0.75%"
"02/02/2018","70.444","69.989","70.453","69.944","","0.65%"
"02/01/2018","69.989","69.750","70.257","69.638","","0.34%"
"01/31/2018","69.750","69.910","70.243","69.730","","-0.23%"
"01/30/2018","69.910","69.725","70.045","69.379","","0.27%"
"01/29/2018","69.725","69.793","69.980","69.558","","-0.10%"
"01/26/2018","69.793","69.375","69.940","69.372","","0.60%"
"01/25/2018","69.375","69.620","69.885","69.115","","-0.35%"
"01/24/2018","69.620","69.298","69.854","69.290","","0.47%"
"01/23/2018","69.298","69.267","69.413","68.987","","0.04%"
"01/22/2018","69.267","69.345","69.392","69.102","","-0.11%"
"01/19/2018","69.345","69.130","69.543","69.130","","0.31%"
"01/18/2018","69.130","69.318","69.399","69.010","","-0.27%"
"01/17/2018","69.318","69.348","69.569","69.052","","-0.04%"
"01/16/2018","69.348","69.149","69.370","68.889","","0.29%"
"01/15/2018","69.149","68.977","69.473","68.731","","0.25%"
"01/12/2018","68.977","67.860","69.000","67.857","","1.65%"
"01/11/2018","67.860","68.168","68.503","67.860","","-0.45%"
"01/10/2018","68.168","68.020","68.481","67.745","","0.22%"
"01/09/2018","68.020","68.669","68.675","67.786","","-0.95%"
"01/05/2018","68.669","68.641","68.835","68.510","","0.04%"
"01/04/2018","68.641","68.899","69.045","68.515","","-0.37%"
"01/03/2018","68.899","69.245","69.262","68.755","","-0.50%"
"12/29/2017","69.245","68.650","69.494","68.650","","0.87%"
"12/28/2017","68.650","68.683","68.809","68.464","","-0.05%"
"12/27/2017","68.683","68.376","68.893","68.177","","0.45%"
"12/26/2017","68.376","68.770","68.863","68.358","","-0.57%"
"12/25/2017","68.770","69.235","69.295","68.615","","-0.67%"
"12/22/2017","69.235","69.408","69.408","68.954","","-0.25%"
"12/21/2017","69.408","69.740","69.740","69.274","","-0.48%"
"12/20/2017","69.740","69.625","69.802","69.387","","0.17%"
"12/19/2017","69.625","69.092","69.660","69.092","","0.77%"
"12/18/2017","69.092","69.125","69.342","69.006","","-0.05%"
"12/15/2017","69.125","69.298","69.638","69.095","","-0.25%"
"12/14/2017","69.298","69.317","69.631","69.214","","-0.03%"
"12/13/2017","69.317","69.649","69.669","69.000","","-0.48%"
"12/12/2017","69.649","69.508","69.649","69.200","","0.20%"
"12/11/2017","69.508","69.640","69.971","69.475","","-0.19%"
"12/08/2017","69.640","69.723","69.755","69.486","","-0.12%"
"12/07/2017","69.723","69.869","69.992","69.652","","-0.21%"
"12/06/2017","69.869","69.470","69.949","69.450","","0.57%"
"12/05/2017","69.470","69.685","69.823","69.270","","-0.31%"
"12/04/2017","69.685","70.057","70.070","69.498","","-0.53%"
"12/01/2017","70.057","69.525","70.518","69.418","","0.77%"
"11/30/2017","69.525","69.500","69.758","69.100","","0.04%"
"11/29/2017","69.500","69.131","69.613","68.999","","0.53%"
"11/28/2017","69.131","69.592","69.703","69.081","","-0.66%"
"11/27/2017","69.592","69.641","69.641","69.279","","-0.07%"
"11/24/2017","69.641","69.300","69.715","69.187","","0.49%"
"11/23/2017","69.300","69.088","69.330","69.063","","0.31%"
"11/22/2017","69.088","69.440","69.551","68.911","","-0.51%"
"11/21/2017","69.440","69.617","69.920","69.360","","-0.25%"
"11/20/2017","69.617","69.728","70.184","69.509","","-0.16%"
"11/17/2017","69.728","70.236","70.442","69.626","","-0.72%"
"11/16/2017","70.236","71.050","71.050","70.125","","-1.15%"
"11/15/2017","71.050","71.021","71.556","70.860","","0.04%"
"11/14/2017","71.021","69.269","71.027","69.269","","2.53%"
"11/13/2017","69.269","69.069","69.451","68.809","","0.29%"
"11/10/2017","69.069","69.010","69.123","68.817","","0.09%"
"11/09/2017","69.010","68.665","69.190","68.665","","0.50%"
"11/08/2017","68.665","68.790","69.091","68.473","","-0.18%"
"11/07/2017","68.790","68.599","68.795","67.656","","0.28%"
"11/03/2017","68.599","67.796","68.841","67.795","","1.18%"
"11/02/2017","67.796","67.740","68.144","67.559","","0.08%"
"11/01/2017","67.740","67.937","67.937","67.480","","-0.29%"
"10/31/2017","67.937","67.538","68.203","67.453","","0.59%"
"10/30/2017","67.538","67.353","67.570","67.049","","0.27%"
"10/27/2017","67.353","67.453","68.125","67.311","","-0.15%"
"10/26/2017","67.453","68.213","68.388","67.352","","-1.11%"
"10/25/2017","68.213","67.790","68.257","67.695","","0.62%"
"10/24/2017","67.790","67.590","67.890","67.493","","0.30%"
"10/23/2017","67.590","67.730","67.740","67.422","","-0.21%"
"10/20/2017","67.730","67.909","68.033","67.671","","-0.26%"
"10/19/2017","67.909","67.730","68.206","67.730","","0.26%"
"10/18/2017","67.730","67.410","67.794","67.260","","0.47%"
"10/17/2017","67.410","67.600","67.630","67.380","","-0.28%"
"10/16/2017","67.600","67.612","67.743","67.196","","-0.02%"
"10/13/2017","67.612","68.220","68.261","67.548","","-0.89%"
"10/12/2017","68.220","68.604","68.610","68.220","","-0.56%"
"10/11/2017","68.604","68.478","68.652","68.255","","0.18%"
"10/10/2017","68.478","68.461","68.516","68.182","","0.03%"
"10/09/2017","68.461","68.280","68.635","68.280","","0.26%"
"10/06/2017","68.280","67.518","68.307","67.472","","1.13%"
"10/05/2017","67.518","67.872","67.872","67.275","","-0.52%"
"10/04/2017","67.872","68.055","68.063","67.670","","-0.27%"
"10/03/2017","68.055","67.930","68.296","67.907","","0.18%"
"10/02/2017","67.930","67.935","68.097","67.818","","-0.01%"
"09/29/2017","67.935","68.215","68.491","67.900","","-0.41%"
"09/28/2017","68.215","68.368","68.713","68.200","","-0.22%"
"09/27/2017","68.368","68.180","68.448","67.950","","0.28%"
"09/26/2017","68.180","68.220","68.448","67.847","","-0.06%"
"09/25/2017","68.220","68.652","68.660","68.000","","-0.63%"
"09/22/2017","68.652","69.147","69.226","68.650","","-0.72%"
"09/21/2017","69.147","69.110","69.377","68.930","","0.05%"
"09/20/2017","69.110","69.730","69.865","69.075","","-0.89%"
"09/19/2017","69.730","69.489","69.928","69.436","","0.35%"
"09/18/2017","69.489","68.866","69.492","68.617","","0.90%"
"09/15/2017","68.866","68.485","69.121","68.430","","0.56%"
"09/14/2017","68.485","68.891","68.891","68.176","","-0.59%"
"09/13/2017","68.891","69.027","69.432","68.660","","-0.20%"
"09/12/2017","69.027","68.409","69.095","68.382","","0.90%"
"09/11/2017","68.409","69.065","69.065","68.317","","-0.95%"
"09/08/2017","69.065","68.415","69.140","68.415","","0.95%"
"09/07/2017","68.415","68.420","68.655","68.137","","-0.01%"
"09/06/2017","68.420","68.571","68.703","68.310","","-0.22%"
"09/05/2017","68.571","68.832","69.068","68.217","","-0.38%"
"09/04/2017","68.832","68.219","69.005","68.219","","0.90%"
"09/01/2017","68.219","69.055","69.200","68.177","","-1.21%"
"08/31/2017","69.055","69.600","69.744","68.893","","-0.78%"
"08/30/2017","69.600","70.448","70.464","69.493","","-1.20%"
"08/29/2017","70.448","69.982","70.960","69.980","","0.67%"
"08/28/2017","69.982","69.811","70.144","69.600","","0.24%"
"08/25/2017","69.811","69.835","69.975","69.585","","-0.03%"
"08/24/2017","69.835","69.764","69.990","69.683","","0.10%"
"08/23/2017","69.764","69.510","69.875","69.440","","0.37%"
"08/22/2017","69.510","69.889","69.890","69.277","","-0.54%"
"08/21/2017","69.889","69.432","69.895","69.315","","0.66%"
"08/18/2017","69.432","69.415","69.868","69.317","","0.02%"
"08/17/2017","69.415","69.905","69.934","69.283","","-0.70%"
"08/16/2017","69.905","70.078","70.121","69.394","","-0.25%"
"08/15/2017","70.078","70.495","70.548","70.050","","-0.59%"
"08/14/2017","70.495","70.803","70.825","70.156","","-0.44%"
"08/11/2017","70.803","70.739","70.925","70.595","","0.09%"
"08/10/2017","70.739","70.541","70.798","70.023","","0.28%"
"08/09/2017","70.541","70.317","70.718","70.310","","0.32%"
"08/08/2017","70.317","70.817","70.972","70.034","","-0.71%"
"08/07/2017","70.817","70.603","71.195","70.590","","0.30%"
"08/04/2017","70.603","71.650","71.814","70.295","","-1.46%"
"08/03/2017","71.650","71.793","72.023","71.297","","-0.20%"
"08/02/2017","71.793","71.226","72.082","71.226","","0.80%"
"08/01/2017","71.226","70.748","71.235","70.581","","0.68%"
"07/31/2017","70.748","70.022","71.000","70.016","","1.04%"
"07/28/2017","70.022","69.466","70.089","69.466","","0.80%"
"07/27/2017","69.466","69.712","69.776","69.201","","-0.35%"
"07/26/2017","69.712","69.796","69.905","69.342","","-0.12%"
"07/25/2017","69.796","69.864","70.265","69.598","","-0.10%"
"07/24/2017","69.864","69.272","70.070","69.190","","0.85%"
"07/21/2017","69.272","68.528","69.274","68.441","","1.09%"
"07/20/2017","68.528","67.920","68.823","67.826","","0.90%"
"07/19/2017","67.920","68.361","68.455","67.860","","-0.64%"
"07/18/2017","68.361","68.157","68.550","68.091","","0.30%"
"07/17/2017","68.157","67.799","68.183","67.507","","0.53%"
"07/14/2017","67.799","68.180","68.486","67.660","","-0.56%"
"07/13/2017","68.180","68.450","68.952","68.024","","-0.39%"
"07/12/2017","68.450","69.663","69.665","68.387","","-1.74%"
"07/11/2017","69.663","68.711","69.804","68.711","","1.39%"
"07/10/2017","68.711","68.814","68.956","68.600","","-0.15%"
"07/07/2017","68.814","68.718","69.091","68.718","","0.14%"
"07/06/2017","68.718","68.099","68.729","68.048","","0.91%"
"07/05/2017","68.099","67.385","68.363","67.383","","1.06%"
"07/04/2017","67.385","67.325","67.510","67.161","","0.09%"
"07/03/2017","67.325","67.322","67.589","67.030","","0.01%"
"06/30/2017","67.322","67.959","67.972","67.164","","-0.94%"
"06/29/2017","67.959","67.365","68.139","67.120","","0.88%"
"06/28/2017","67.365","67.437","67.930","67.357","","-0.11%"
"06/27/2017","67.437","65.734","67.457","65.646","","2.59%"
"06/26/2017","65.734","66.502","66.502","65.708","","-1.15%"
"06/23/2017","66.502","66.857","66.857","66.358","","-0.53%"
"06/22/2017","66.857","67.350","67.395","66.595","","-0.73%"
"06/21/2017","67.350","66.380","67.382","66.153","","1.46%"
"06/20/2017","66.380","65.170","66.532","65.110","","1.86%"
"06/19/2017","65.170","64.681","65.325","64.630","","0.76%"
"06/16/2017","64.681","64.456","64.720","64.154","","0.35%"
"06/15/2017","64.456","64.450","64.540","64.062","","0.01%"
"06/14/2017","64.450","63.851","64.670","63.851","","0.94%"
"06/13/2017","63.851","63.852","63.880","63.663","","0.05%"
"06/12/2017","63.817","63.960","64.161","63.782","","-0.05%"
"06/09/2017","63.852","63.831","63.889","63.601","","0.03%"
"06/08/2017","63.831","64.340","64.340","63.695","","-0.79%"
"06/07/2017","64.340","63.743","64.435","63.494","","0.94%"
"06/06/2017","63.743","63.754","63.922","63.589","","-0.02%"
"06/05/2017","63.754","63.928","63.953","63.618","","-0.27%"
"06/02/2017","63.928","63.253","63.963","63.220","","1.07%"
"06/01/2017","63.253","63.564","63.690","62.945","","-0.49%"
"05/31/2017","63.564","63.289","63.950","63.289","","0.43%"
"05/30/2017","63.289","63.095","63.565","62.899","","0.31%"
"05/29/2017","63.095","63.150","63.454","62.930","","-0.09%"
"05/26/2017","63.150","63.814","63.814","63.080","","-1.04%"
"05/25/2017","63.814","63.326","63.927","62.931","","0.77%"
"05/24/2017","63.326","63.037","63.340","62.861","","0.46%"
"05/23/2017","63.037","63.620","63.788","62.967","","-0.92%"
"05/22/2017","63.620","63.773","63.965","63.087","","-0.24%"
"05/19/2017","63.773","63.935","63.940","63.450","","-0.25%"
"05/18/2017","63.935","63.695","64.677","63.680","","0.38%"
"05/17/2017","63.695","62.704","63.720","62.685","","1.58%"
"05/16/2017","62.704","61.878","62.716","61.878","","1.34%"
"05/15/2017","61.878","62.440","62.450","61.662","","-0.90%"
"05/12/2017","62.440","61.967","62.578","61.939","","0.76%"
"05/11/2017","61.967","62.463","62.463","61.882","","-0.79%"
"05/10/2017","62.463","63.711","63.715","62.382","","-1.67%"
"05/09/2017","63.526","63.685","63.886","63.297","","-0.27%"
"05/08/2017","63.701","63.677","63.895","63.433","","-0.02%"
"05/05/2017","63.711","64.104","64.496","63.690","","-0.61%"
"05/04/2017","64.104","62.478","64.180","62.460","","2.60%"
"05/03/2017","62.478","62.300","62.607","62.250","","0.29%"
"05/02/2017","62.300","62.039","62.465","62.010","","0.31%"
"05/01/2017","62.110","62.068","62.225","61.905","","0.11%"
"04/28/2017","62.039","61.926","62.460","61.911","","0.18%"
"04/27/2017","61.926","62.323","62.342","61.818","","-0.64%"
"04/26/2017","62.323","61.426","62.325","61.408","","1.46%"
"04/25/2017","61.426","60.691","61.560","60.682","","1.21%"
"04/24/2017","60.691","60.515","60.923","60.515","","0.29%"
"04/21/2017","60.515","60.236","60.522","60.090","","0.46%"
"04/20/2017","60.236","60.575","60.703","60.127","","-0.56%"
"04/19/2017","60.575","60.356","60.790","60.042","","0.36%"
"04/18/2017","60.356","59.554","60.356","59.468","","1.35%"
"04/17/2017","59.554","59.823","59.928","59.522","","-0.45%"
"04/14/2017","59.823","59.803","59.907","59.624","","0.03%"
"04/13/2017","59.803","60.354","60.416","59.695","","-0.91%"
"04/12/2017","60.354","60.380","60.551","60.060","","-0.04%"
"04/11/2017","60.380","60.592","60.753","60.222","","-0.35%"
"04/10/2017","60.592","60.665","60.914","60.400","","-0.12%"
"04/07/2017","60.665","60.004","60.740","60.004","","1.10%"
"04/06/2017","60.004","60.193","60.260","59.810","","-0.31%"
"04/05/2017","60.193","59.848","60.195","59.582","","0.58%"
"04/04/2017","59.848","59.840","60.384","59.766","","0.01%"
"04/03/2017","59.840","59.958","60.260","59.709","","-0.20%"
"03/31/2017","59.958","59.884","60.418","59.668","","0.12%"
"03/30/2017","59.884","60.948","60.948","59.830","","-1.74%"
"03/29/2017","60.948","61.627","61.719","60.850","","-1.10%"
"03/28/2017","61.627","61.831","62.051","61.600","","-0.33%"
"03/27/2017","61.831","61.479","62.244","61.479","","0.57%"
"03/24/2017","61.479","61.970","62.110","61.450","","-0.79%"
"03/23/2017","61.970","62.381","62.390","61.815","","-0.66%"
"03/22/2017","62.381","62.358","62.960","62.191","","0.04%"
"03/21/2017","62.358","61.556","62.391","61.550","","1.30%"
"03/20/2017","61.556","61.408","61.955","61.405","","0.24%"
"03/17/2017","61.408","62.250","62.458","61.405","","-1.35%"
"03/16/2017","62.250","62.641","62.801","61.783","","-0.62%"
"03/15/2017","62.641","62.746","62.925","62.522","","-0.17%"
"03/14/2017","62.746","62.631","63.369","62.567","","0.18%"
"03/13/2017","62.631","63.075","63.414","62.620","","-0.70%"
"03/10/2017","63.075","62.785","63.082","62.468","","0.46%"
"03/09/2017","62.785","61.530","63.029","61.530","","1.11%"
"03/08/2017","62.095","61.451","62.232","61.267","","0.92%"
"03/07/2017","61.530","61.583","61.792","61.170","","-0.09%"
"03/06/2017","61.583","61.754","61.926","61.397","","-0.28%"
"03/03/2017","61.754","61.788","62.172","61.612","","-0.05%"
"03/02/2017","61.788","61.473","61.820","61.385","","0.51%"
"03/01/2017","61.473","61.774","61.786","61.076","","-0.49%"
"02/28/2017","61.774","61.448","62.130","61.216","","0.53%"
"02/27/2017","61.448","61.807","61.807","61.008","","-0.58%"
"02/24/2017","61.807","61.427","62.043","61.185","","1.10%"
"02/23/2017","61.138","61.224","61.396","60.804","","-0.47%"
"02/22/2017","61.427","60.582","61.427","60.348","","1.40%"
"02/21/2017","60.582","61.531","61.531","60.553","","-1.54%"
"02/20/2017","61.531","61.975","61.975","61.515","","-0.72%"
"02/17/2017","61.975","61.446","62.100","61.345","","0.86%"
"02/16/2017","61.446","60.717","61.560","60.502","","1.20%"
"02/15/2017","60.717","60.401","61.052","59.830","","0.52%"
"02/14/2017","60.401","61.452","61.475","60.370","","-1.71%"
"02/13/2017","61.452","61.942","61.945","61.451","","-0.79%"
"02/10/2017","61.942","62.845","62.850","61.925","","-1.44%"
"02/09/2017","62.845","63.327","63.327","62.720","","-0.76%"
"02/08/2017","63.327","63.432","63.558","63.051","","-0.16%"
"02/07/2017","63.432","63.342","63.505","63.077","","0.14%"
"02/06/2017","63.342","63.533","63.533","62.980","","-0.30%"
"02/03/2017","63.533","63.933","64.035","63.411","","-0.63%"
"02/02/2017","63.933","64.757","64.793","63.500","","-1.27%"
"02/01/2017","64.757","64.911","65.140","64.637","","-0.24%"
"01/31/2017","64.911","64.068","65.058","64.061","","1.32%"
"01/30/2017","64.068","63.976","64.590","63.711","","0.14%"
"01/27/2017","63.976","64.600","64.600","63.775","","-0.97%"
"01/26/2017","64.600","63.958","64.847","63.815","","1.00%"
"01/25/2017","63.958","63.583","64.000","63.312","","0.59%"
"01/24/2017","63.583","63.919","63.919","63.494","","-0.53%"
"01/23/2017","63.919","63.901","64.108","63.626","","0.03%"
"01/20/2017","63.901","63.692","64.038","63.467","","0.33%"
"01/19/2017","63.692","63.307","64.225","63.018","","0.61%"
"01/18/2017","63.307","63.597","63.597","63.109","","-0.46%"
"01/17/2017","63.597","63.470","63.670","63.160","","0.20%"
"01/16/2017","63.470","63.486","63.537","63.006","","-0.03%"
"01/13/2017","63.486","63.039","63.576","62.999","","0.71%"
"01/12/2017","63.039","63.139","63.486","62.945","","-0.16%"
"01/11/2017","63.139","63.522","63.620","63.072","","-0.60%"
"01/10/2017","63.522","63.496","63.761","63.314","","0.04%"
"01/09/2017","63.496","62.796","63.525","62.770","","1.11%"
"01/06/2017","62.796","62.937","63.290","62.603","","-0.22%"
"01/05/2017","62.937","63.375","63.742","62.369","","-0.69%"
"01/04/2017","63.375","63.407","63.844","63.007","","-0.05%"
"01/03/2017","63.407","64.531","64.531","62.597","","-1.03%"
"01/02/2017","64.067","64.504","64.666","63.885","","-0.72%"